UUID_produto,product_name,quantity,price
8003027d-11d3-41eb-89d2-bac94c34d396,product_1,25,130.02
b4e5952e-18db-41e4-961d-9a8d1d7cf17c,product_2,35,89.2
17102ce1-6f53-4768-8925-2edf5b09373c,product_3,3,328.82
e561a255-aefa-42e7-8224-95544600d64e,product_4,29,979.4
f99ac4b8-5f5a-4b76-bf27-385d64ff4fcf,product_5,48,673.44
0526b379-73a2-496b-9d79-924f44da7928,product_6,69,260.72
05f098dd-56f3-4039-8828-8e38fd485e98,product_7,6,666.82
6aeaa016-3b74-40f5-96d9-1f3dabaee26b,product_8,50,118.39
49fb7e64-8cd9-4941-8db4-977e4b6b2f28,product_9,88,566.14
e790d251-915f-4c6f-b05d-d329d45d36cd,product_10,11,312.9
6b0036e5-d006-4456-8b88-5bf4c248429c,product_11,68,559.44
e0d30599-fc94-4c9d-80ec-6d1228fe75d2,product_12,23,50.61
a8186503-e7a8-47dd-93e2-38f1520f8b4b,product_13,87,689.83
c0be4b15-25be-42b1-a240-a3254db11393,product_14,65,196.64
2941f29b-98bc-43bf-98e4-61fd3697df57,product_15,86,48.91
823019bf-5684-4f2d-90c0-eabcb0978b56,product_16,20,20.42
85ca1118-5876-468a-92b5-038784ef77e7,product_17,67,722.6
26bc7c16-36bd-4831-9b2c-dc661ced4b88,product_18,21,887.32
a97056b1-805a-458a-9f5f-c37b008b8eed,product_19,24,427.08
b6ad4964-e41e-45f0-825f-fdd46bb455e0,product_20,74,357.99
2670be00-a75c-4e67-8d31-1565b4b31d2a,product_21,50,225.06
0a175aea-acb4-480e-8e64-4ebcad3e8dee,product_22,79,736.76
4c4d2481-f4e3-4687-a369-32f59c39896d,product_23,45,577.94
1edc6318-0f5b-4568-a792-4374f42c33c6,product_24,80,828.28
facaa63c-1d0c-4f6f-b5ba-d37523305271,product_25,58,195.5
2c84dd74-b68c-45b7-a7d5-290a093bc802,product_26,96,402.99
b885ecbf-049f-4951-93f7-42c36a3cc420,product_27,86,114.07
edc8c5f8-2cff-4d49-81d4-61c15e3d1f37,product_28,84,149.32
1c22270b-563a-45b6-b4b4-498869d2b79b,product_29,64,21.21
a0fc8ed1-ecb1-48c1-9196-43580cd414a1,product_30,52,476.95
9348fca6-d56f-4e77-af56-45c63e82b886,product_31,17,912.71
e8c89c52-d919-494c-bd8b-2e4c28a5d12a,product_32,37,479.25
0bf56c23-85f8-4cfb-a116-cc239d202f8b,product_33,61,811.42
bc88f966-2316-4fb2-b167-2a7bc8522edf,product_34,9,282.8
5a027bae-42b4-4936-b2a5-da89c96a0752,product_35,50,761.27
4ef5ce2f-837b-495e-9b8f-4d18e53ee8ba,product_36,22,493.95
6bdbda05-e1fc-48d0-b1be-548c1593015d,product_37,74,960.13
041814d0-68ab-42c3-886d-de1d40713251,product_38,77,533.4
579f0f6c-6fcd-4d0d-9729-89894035ae6a,product_39,42,67.06
fffcbeff-a184-4292-90b8-6f3fe6c30e57,product_40,39,351.87
40314cf2-81aa-43e6-a6f6-f2a2b383f330,product_41,84,50.39
c7e0504a-8b09-42eb-bff2-7aee924b6b7e,product_42,59,517.31
e97cf4ad-5f1b-40db-9d86-6f1ce78efda4,product_43,66,167.67
19776735-587c-4b75-887d-ae925f2a7b88,product_44,14,687.53
af39a0dd-4f04-483d-9b4e-a692394eb5bc,product_45,30,789.37
bc04338d-de4b-4acf-9d39-7adb6a43af27,product_46,99,930.05
133e9bdf-edc0-4bf8-97f4-1ef65124596c,product_47,50,577.93
c8e1b677-abb2-47a6-8b8f-e7c8890cddb2,product_48,42,363.33
eb91c1ee-51cb-4913-be75-ef0443fb1473,product_49,12,55.82
a8a5b0af-9466-4fc5-b888-1a6617500ef4,product_50,65,548.51
e4d220c0-6c5f-4471-ab51-e63f3991eb6e,product_51,44,925.68
1fa6f5e5-f6e9-419f-bf51-ce62560f3f96,product_52,46,192.67
6dbccfe1-4aeb-471a-ae60-117fba25e99a,product_53,58,154.41
b4ea8f79-468a-4fee-8b23-db394d518307,product_54,86,129.23
a26e788c-8db0-437d-b62d-7f2fcf5403e7,product_55,15,637.7
cd1d2443-823f-4813-be26-aa71cf10aecb,product_56,89,881.6
e763d1b3-02c9-43b1-8871-379033a36a7b,product_57,34,854.12
f6d3086e-9c18-4e8c-b76c-aec6c2d18428,product_58,87,46.19
a07f2383-6509-4e07-b841-739cdcca0cc7,product_59,89,650.51
41272330-c410-4d86-ba41-7f045b9a70f9,product_60,94,568.46
9313f71e-328d-41cb-9396-c568df49938a,product_61,16,460.45
482561ee-9088-40b4-b8bd-4d6c2e550447,product_62,50,632.22
f558057f-b685-4701-9891-6d0d39886799,product_63,66,137.56
cf72c6fd-e8ca-4a64-a8c7-c81c4c5c4abd,product_64,33,333.13
45597488-87cd-42f5-a2a7-d722960ca235,product_65,85,212.13
bf290241-84ea-4748-9b46-0b48285e0e11,product_66,95,947.71
b3c1afff-328a-48f5-99e9-18fe8a14b5db,product_67,12,798.02
65506c77-dd49-4389-a32f-f66e91770c4b,product_68,43,308.95
f33e1771-e417-444b-8634-9cf2e115127a,product_69,21,525.08
c02f86d4-b490-4d82-8b95-d5b38367b9cd,product_70,92,336.93
134dbb40-0491-44c8-968f-5c68bec34f28,product_71,43,62.91
a982b322-48cc-46b3-b4dc-42c965978e62,product_72,95,891.52
be7c48c4-45c4-4d56-abb8-65bf5d990260,product_73,90,638.96
616f7698-64f5-4122-bab5-3f6a26d8f44c,product_74,90,600.75
a37312aa-d8a9-4404-9f63-7e3a8b835554,product_75,97,343.44
048f7dab-a0c3-4319-8710-16a718ef59b1,product_76,6,538.88
10d7178b-7f12-409c-a648-85af06aa21dd,product_77,54,944.57
62055b10-8f97-437b-8fdc-6fb6cacd3f8f,product_78,38,996.32
0ad991b4-85d4-4d12-a87e-d4a3a68327f5,product_79,97,528.05
1c877e9a-4e7a-4123-bb69-6f331250c010,product_80,50,862.9
139a75bd-72ad-4fc9-8d6b-21e2169d20a3,product_81,36,915.87
6bb980b3-ae4d-4d15-a3bf-d435628e5fab,product_82,97,128.96
a0115b29-37df-4d3a-bc8a-ded9ad20fc20,product_83,100,827.74
11aaf9ce-80fa-47f9-b52c-2ca3eceec407,product_84,85,349.13
6c3332d6-6378-4b3f-ae4b-b6849d7996d9,product_85,56,435.34
d3c1038a-1d11-48a2-946d-bcd737e2c6bd,product_86,35,997.22
19f6a04d-d77f-4d07-ab11-df7feab7b46a,product_87,45,786.72
a3fe7063-364c-44bf-b44e-c1eb6e8831d5,product_88,36,80.13
5c3d1076-a6d8-4438-ae32-5cadcfb3bc1a,product_89,8,210.91
a424cbb6-9aa9-49fb-844b-c85435ea8590,product_90,86,216.51
310556a7-27ef-435b-b294-5c4a9eba62c4,product_91,75,737.3
cdebb0c9-bcdf-43c1-b6e7-d3a36757bc37,product_92,19,644.24
893e3b98-5b2d-41d1-ad9b-662c80e35037,product_93,56,590.71
cc2f4262-84bd-47b6-8982-6278a81cbd85,product_94,89,372.26
62435053-196b-4d72-84b2-3357d385ea02,product_95,26,75.75
da0e4ad7-deb8-4c42-986c-a41650922c7f,product_96,74,463.99
2c440e70-a7ae-42eb-81e6-bc09a70ebf52,product_97,66,552.83
3c649a9f-15cd-47ff-b800-820141cafded,product_98,76,97.33
23365d8c-a8c5-4e87-a7f9-1cf20069d565,product_99,54,308.8
7dd54ae2-8fe9-4ee7-811f-f2b2848a0d76,product_100,84,421.28
dee2bd1e-f357-4ddd-a441-b752ee5947e4,product_101,19,119.96
73f10bb9-2a88-4882-9a43-5501fd4d4cb2,product_102,31,839.9
362975c7-9e21-4c05-b414-8c5cb4ade779,product_103,50,957.26
41898e6e-fdc2-4093-b17f-0352eeee6a15,product_104,46,207.66
1d498771-bac8-4b71-9479-bf591b7cf551,product_105,91,377.23
4769fc4e-4f14-4226-afb9-aa009b77da6a,product_106,37,715.85
998b7ca9-0cde-4c89-a114-b48a3d9738d5,product_107,7,775.55
fdc99768-5a05-4131-b5c9-ba05acadf5de,product_108,68,422.88
8c5bff8c-d538-4ece-a241-886b81be0298,product_109,64,466.28
8492573e-902d-40ce-9e28-e923e43c323d,product_110,4,499.72
b4ee4d25-c558-4a6f-b589-009eac3837b4,product_111,7,728.85
cc39b50d-ccf0-48c8-b3d6-ab2034269c40,product_112,54,533.23
50f550b9-4a78-465d-accb-62475864631b,product_113,70,227.62
d48c5e7b-bbf9-4908-b66c-c636a1a7cd43,product_114,63,927.29
349bd424-a50b-4c75-9253-bfa1ce5c7f9e,product_115,88,534.07
7c6438a9-af46-4b50-be6e-48f8a79cac8d,product_116,13,259.48
2df27295-6665-4847-8832-7db186eaad20,product_117,33,564.19
80d574ab-25e3-4ae1-8d8e-193baafee932,product_118,16,136.85
1cce1ef8-6e91-4ca0-8fa0-19faade03103,product_119,32,301.67
7aa2716f-6206-438b-82c6-ce7ead4b338d,product_120,72,368.92
38fb38e6-03da-4f60-9314-a96474aaac63,product_121,85,799.3
28bd7b46-37cc-46eb-b162-4c4803b6592b,product_122,67,883.3
f1515df7-e5ec-445d-84e3-190e1d49a227,product_123,68,859.5
6a00c64e-32fd-4723-88ec-a8e740ba446f,product_124,2,582.56
b3616352-434f-4618-a477-d6899e3af936,product_125,99,539.27
4f6e174e-30e6-4278-bf9a-e1c5a9d2a378,product_126,95,663.59
5bb4eae1-83ed-4922-8366-d0b2693be71c,product_127,65,425.89
15cdbc8b-33e8-4899-abb5-2d609ac3da82,product_128,64,428.24
5ac6a76d-3a52-4be8-9288-a7ba1b2bf410,product_129,32,930.85
0648ec76-6b0b-4c05-b1c6-26d5dd8a855f,product_130,31,853.57
18f89927-e833-4267-ab9d-032003a8ec55,product_131,71,974.29
1cd578aa-7ce1-45c4-8db8-cc143693e2c5,product_132,4,233.54
544f6f97-8647-49e8-a411-b6c8d85506e8,product_133,2,888.02
1dd329a3-f821-4e63-bef0-de1003dc63ca,product_134,19,115.05
384fc454-eee2-4dc4-a35d-e851089ac507,product_135,48,826.38
642738c1-a147-42ae-a867-bce95ad21459,product_136,3,10.92
27f1fd13-68c0-465d-8c78-ad70d054afb6,product_137,36,292.15
bb275ff6-044e-4bd8-8c20-6f8c51616a3f,product_138,39,990.88
7b31d9a6-aa5d-4712-b29a-16e84accab02,product_139,68,950.91
e57aac41-351b-4e64-8c47-ca17474df2e4,product_140,50,734.32
93cfc526-f2b0-41e8-bff5-45fe46606b88,product_141,21,470.97
7ff93c3b-8a3a-4586-8b4c-6ecd622230af,product_142,63,62.86
481640ff-873e-4c1c-bb08-021106c8615e,product_143,49,659.18
4bfb165a-4b40-400d-b158-de528e3baf0a,product_144,75,958.38
80885308-a1d5-474d-b8bd-6eeaffb11a26,product_145,14,885.3
3351786b-5266-4c55-815e-a17c8d9fe3ff,product_146,26,299.27
a6f5147e-fa7b-48e8-b6d5-5d2e6103b73f,product_147,60,591.27
a8821980-c2d0-49d7-a219-5ae4a5f3a70d,product_148,28,87.27
94605e13-4a18-4ecc-8776-de9f4aea108f,product_149,54,372.74
2b9a5a71-22c3-4f09-8056-6c9e7bec27e3,product_150,15,684.08
722b036e-74e5-4ac1-8dd9-c8bf17e82873,product_151,27,473.08
04741505-c711-460a-b235-fe5c55a9edba,product_152,40,826.51
f1ce2bd1-86c6-4e3a-98ad-0a1419d09a69,product_153,26,692.86
5f4332de-cc3d-4836-83a8-a82904eb5bab,product_154,77,127.81
89a57b5b-6c71-4cf0-93bc-15fd9a2865df,product_155,90,82.65
706eeafd-a019-454f-81b4-3b24b384f8ef,product_156,6,895.7
ea429347-e0bd-4c5e-b92d-e3f34eb337f0,product_157,46,335.68
0f9a6949-6540-4589-9586-3d470167e2f0,product_158,39,315.57
29724c83-9e19-4d47-b730-fafd0b401800,product_159,81,387.77
59309594-2495-4bf6-a99a-02abf9e1ffe4,product_160,35,954.95
c0dedf20-73cc-437b-9271-c2870d44373d,product_161,81,149.32
ee738d3e-c154-4562-951a-0a3b412a9e58,product_162,35,978.63
3fd5f484-0636-49bb-ab79-c35a79b58387,product_163,66,749.47
f0aff0eb-1a02-4c58-bac5-987398a48a49,product_164,48,880.3
a4cc368b-549f-4c9b-9560-bbaea504a67f,product_165,24,211.38
73e33445-ba26-4cdf-bb12-1b3d7ec13268,product_166,47,246.73
d05392ca-bef4-49b2-8704-3e18654f02ad,product_167,23,735.74
de6f4227-4a61-4023-996e-a58c58f60f7f,product_168,39,381.28
aac3c7a7-b4ad-469e-a1a2-1cc1edbd3f81,product_169,26,659.2
8cc81f3e-e2ea-4400-b4d0-7bfae45a43a5,product_170,45,788.53
41fb3713-3766-4a56-bdc0-7c0a8846c13c,product_171,56,715.06
a528d3a0-0ae3-4527-bc39-ef380a607894,product_172,73,586.88
34e89ac5-aac5-4763-8c7a-278187c764ee,product_173,80,617.05
a685292d-1bfe-4613-83fe-c1c139414339,product_174,3,496.45
a8707132-5f79-4107-a013-c07d01d10d25,product_175,78,644.05
a973c9e2-b100-4982-8582-8dba937cbb3e,product_176,46,91.19
c707ccaf-ba4e-4a93-ab39-f6d8b5a8f1ee,product_177,21,947.32
4dca2220-26c6-452e-a23f-f5b1ba2f0bf4,product_178,86,367.8
beda329c-85e3-4f53-9200-3c2a7d3b692d,product_179,68,369.95
c0c5718f-966f-44d3-bbdf-a7d8f1d6969e,product_180,69,330.36
fd8f075e-e197-414b-bbad-63651658883b,product_181,21,563.66
a96d0b28-13df-4868-bf74-f18315dc4a39,product_182,34,109.66
08dd75c5-f007-42c7-b8e9-364affe0b86a,product_183,35,890.12
5c804741-eb4e-4235-ae6a-26fc58e18509,product_184,99,91.11
75cad4bf-9f42-45e3-a80c-8d2f5825f45a,product_185,81,670.15
67bd2dde-92d1-4aa8-b9ec-133deaff2477,product_186,13,389.55
917089d5-c2f5-416d-a93b-a535bd734c88,product_187,93,120.84
af09916e-da4a-4b44-97b3-26f1ad583179,product_188,30,668.37
e8f803ef-f8c9-4561-a068-633f3f651e6e,product_189,41,747.2
68f85a73-62d1-46dc-8fd2-3b5a9295bb51,product_190,78,958.11
1b2a9e9a-ae6a-4994-b608-1f552ce82419,product_191,13,323.78
74b63359-d018-4241-9a52-ab2659de03e2,product_192,92,163.19
3e9d2f30-3580-45c1-a122-48a0a62feffc,product_193,42,996.3
b8fc6083-fc33-4f0c-9f9f-7b5dd313a73f,product_194,53,320.68
f7f978c1-7806-4054-9f12-e1356b0bbd3c,product_195,100,223.48
ba208b54-4211-45a8-b2f3-bb8527867ec3,product_196,12,329.08
ceced1c1-d7cc-4921-a01e-cd39af4d872a,product_197,43,825.32
0b0fa1bb-cf36-4713-ac73-f5ddd13b6974,product_198,52,853.48
29002b5f-ca27-48b7-b6d6-8ed331f1f003,product_199,94,665.81
e4fc7a8c-cd5d-4297-8e02-c896ddd769d6,product_200,43,460.13
13e38963-13f3-4893-b7c3-17dcebdd761f,product_201,85,361.39
0093033b-dd0e-4c8d-82d6-ab546e2a3047,product_202,9,15.03
8b295259-c2e4-4ec0-bb8f-fbf7290aecad,product_203,7,778.91
82cd8a35-f157-44b9-a2a8-80f7c55ff5ea,product_204,93,905.35
045efed9-13eb-417b-ab43-af65ae839320,product_205,46,82.54
02ad0a65-8bd4-42eb-a771-807461a1055d,product_206,33,792.07
b3d79d4d-634a-42e2-bd25-bc03fb3d8ce4,product_207,43,214.94
fd2d6dad-519e-4ea6-b147-3128745ec60b,product_208,89,292.13
2d7ba891-8a47-4bb7-9f47-7b9a2c45104b,product_209,17,432.76
f5b2a3dc-85cc-4df2-ab99-5aeff60c4517,product_210,55,42.64
93d0bfff-ebcd-4592-b740-02f58e61d86b,product_211,59,593.03
1de2a976-6fb7-44a1-8c68-e63df7a5ef18,product_212,90,616.37
380626a5-3f9e-465f-b409-68525332276a,product_213,63,300.76
e56695d3-2c1d-4c17-b4c1-3229e0f29dc7,product_214,74,319.44
b20359a5-87b6-4b49-8f0c-5a6ca5e1b925,product_215,72,382.13
daedbc86-8f91-4b94-b4ae-0767b2d0a61c,product_216,14,422.69
27ca0c36-21a3-44b2-b1ac-524de947cf0f,product_217,13,710.35
c2e46d97-72dc-4d1e-8d9d-6192fa5f1d20,product_218,37,568.64
c0b912da-404a-496f-b680-05331f4f3bc6,product_219,41,578.09
473ff7df-bca2-4207-bf97-11ea7d5010ca,product_220,24,160.9
93115c32-685d-4cf2-b2b5-ecbc2e0ca1c7,product_221,51,69.32
78ec5512-f7f2-4824-bc0b-5e2aa71594b1,product_222,9,656.25
710bef01-fea7-4b50-981b-dbc06ea32497,product_223,78,753.09
2b7f468b-e67d-494a-bddf-e1aa885d9e45,product_224,75,40.53
027d6a10-e97f-449b-9f04-d922ea1c580f,product_225,3,589.23
96e24065-26e9-4f5c-a209-3b1023753bc0,product_226,80,244.61
d11d8024-c942-4b4a-b4de-e5134f990a33,product_227,4,192.46
4f55ddbc-1d1a-4244-9925-3c27747d65f8,product_228,52,460.14
e2a46c43-9697-4674-b0c9-072cbc78fca9,product_229,29,20.88
2da5dc22-44f6-4a8e-a695-96f2ffc7601f,product_230,94,794.0
7283c531-af46-449c-b751-2763ef9dac9f,product_231,46,502.13
369f04fa-71af-4cff-b956-0c3ff5c58c91,product_232,47,599.28
a11d97de-af7a-4f78-a83d-ada9409c047e,product_233,50,229.91
7f573b33-137c-48fe-ba61-31c976b49b89,product_234,41,58.7
2ae61d71-39a7-42f3-9af0-88ac3149baf4,product_235,29,583.27
b5188b0e-fc2d-47fd-b538-2891fb321bfb,product_236,38,625.37
d27cff11-7398-427c-8265-bad91d91a5d9,product_237,67,80.12
0cbe133a-869d-4bed-b167-63c593be9ac1,product_238,88,147.89
88c3e552-cd56-4a3a-aaf5-25c02da1719e,product_239,38,462.77
6637bfd7-5a6b-46a0-9737-3efff07706c3,product_240,33,360.49
725ee617-fc21-4fa6-9b85-d38c258fdb97,product_241,55,566.53
443c207d-00f3-48e6-ae19-7bb0ec15d934,product_242,71,652.29
f70124c9-0947-4601-bbc6-844e3fc338b1,product_243,69,226.96
4d2cdbdd-6738-476b-8e56-3d265824ab18,product_244,15,774.95
4ef63b3b-b7e7-481c-b95e-7390054c280e,product_245,9,518.77
8acffa1b-8e99-4c04-9c00-d9a674750508,product_246,53,388.7
e423645f-9536-4857-a10b-65615883759c,product_247,5,384.82
935804c5-131b-4156-b63a-c06e6e71f6bf,product_248,39,878.57
6890332a-4f5b-4ee4-b9ef-fc83df1f2364,product_249,21,350.33
7ec75990-5e8a-42f3-b7bd-fb59940c4a54,product_250,55,252.52
4711e7c0-d7dc-4ace-9321-85a5a5bed9c5,product_251,7,54.85
51ecb918-8176-45b6-8c51-e74ca7e8c8ed,product_252,78,844.29
b7031d9d-7204-45e2-8c07-37e8d57c1ed0,product_253,35,766.96
c68a197f-ffa6-44e1-a60a-4ac26e723533,product_254,98,385.28
298e0911-1cc0-4b5e-9d5a-9e31d91a3d5f,product_255,67,746.88
797dfa82-cb5d-4cd4-9271-c84a4daa855b,product_256,30,67.42
f103b8f1-2e26-4241-87ad-268648acf733,product_257,19,387.86
0d5dadaf-2147-4ea0-8a77-14ff261c3408,product_258,8,51.04
e99f4dfc-1572-49db-b10c-2820c9239c2f,product_259,8,453.09
d0ad5a21-cb54-4635-87b4-41383b144d85,product_260,41,161.16
f6b1dd65-7f8d-4b30-ac7a-07bcc6bdbc0d,product_261,75,786.07
18eb4c9f-e3eb-4b80-8872-73d290575747,product_262,86,13.2
ef1eb4fa-b6e3-4f37-b38c-a0d24e3d9ae6,product_263,89,578.61
b96f82e6-cbb6-4640-9988-ce9ddd925105,product_264,18,818.72
bcfa06d0-f7b8-4a0f-8d39-4b83eb9896c1,product_265,42,640.4
cd0fd861-6345-485f-a41f-e83511622b45,product_266,54,341.58
c8388730-fc8d-4fa3-86d6-79688b13d18d,product_267,35,841.86
d34091ae-f845-4f56-9bf0-9aa49fc78daa,product_268,42,430.7
f4d9b617-2190-4784-adc2-8c24e21132ca,product_269,33,144.76
3a772a6e-e5f7-4f88-a2c8-826cf7d27922,product_270,22,926.3
14ead25f-666c-4cb1-896e-1bbd5942a3d0,product_271,29,249.89
1821f474-848e-4269-8129-4b489ddfa040,product_272,66,477.73
a025e6f1-68ab-4295-a6d1-98e04892aa4b,product_273,3,649.93
6a9c66a5-e602-4223-a727-b89f21f6fdca,product_274,87,904.79
89822f93-8e55-42ff-9374-c5151a390fef,product_275,49,711.8
be09846f-a019-44d8-bcbf-fe10c93e102f,product_276,38,184.43
6e5daa77-8b43-481c-ba66-3edc56c51de1,product_277,84,763.2
73b87de5-ddd8-467a-bf60-4257f7489fb6,product_278,64,148.0
53949dea-4eb0-4bc3-8419-e7269ac69e7f,product_279,16,500.21
b9430928-a633-463e-9de1-ed6503bffb8e,product_280,4,815.83
a8b36a7b-9842-431b-a001-22ccb7d1a37c,product_281,57,303.03
96eecaf2-c7d2-4bd0-b309-55e789402274,product_282,2,311.98
46035af6-ee56-4058-91b1-3916685c4742,product_283,79,850.03
7f7d3526-f1d7-45ea-bf8e-d1dfc1b5510e,product_284,36,286.72
1c3bbfe9-413d-45d5-a5ad-763327e561d6,product_285,62,817.0
77f1dc9f-6fc7-4d4c-b674-f752c91e84c1,product_286,21,784.12
2789a636-60b8-46b8-a2ae-dd69abd5b027,product_287,11,203.45
8dffbdcb-8313-4344-86bc-40d27f1a949a,product_288,50,292.18
cbd5db77-39da-42c3-90e3-2a065320a76a,product_289,43,339.65
fef81f76-483d-4d45-90b7-11a2d09c5e18,product_290,2,550.4
bff634e0-2cd9-4444-8abd-a4634a84362d,product_291,47,238.11
e7625df8-924d-44b5-83e2-fb591fb4d3d9,product_292,94,352.8
270a9e9b-b784-4f8a-9232-86117f3e3c6d,product_293,1,605.53
0fd46dda-849a-424c-8e09-c948ec81f44d,product_294,96,742.0
a8cb4fe8-1ee5-4436-9a2f-e60b95906f41,product_295,6,945.22
6337c07d-0a2e-4498-9673-8b014cff2f8e,product_296,23,377.04
2d898bc7-302a-4ecb-9b10-15ad014cdf77,product_297,79,237.55
6e1e0eaf-adf0-44e7-a9b1-bd38bb2ff34e,product_298,92,842.61
f1acbaec-91e1-4cb3-b14d-cbe266840645,product_299,5,194.54
b0676328-0665-48f9-a0a0-122a8e79012e,product_300,29,27.97
7d6a31bd-f29c-40f1-a101-55edb6387062,product_301,11,389.9
e48bcfa2-2035-4cec-8380-06857bd78538,product_302,80,166.9
1725df2f-443d-4330-bd53-cde96ae1ef73,product_303,1,781.58
578e6d91-f278-4687-b508-115580fda7e5,product_304,47,284.54
d0377b99-bffa-4776-8fe9-baceb04be98d,product_305,88,838.37
3d3980a7-1548-4ed5-a536-b7355f728427,product_306,36,12.95
b006dc7e-d716-4d73-8eed-c4581857be77,product_307,9,487.16
df036e74-fda6-49d8-8e98-e28caa714a12,product_308,29,265.09
746635d8-c1c1-4b86-bb96-113f9639d6d1,product_309,69,316.52
e773db42-a42d-4990-9ce1-979760188dfb,product_310,77,619.28
d2a60471-fa13-4fdd-a8c1-1deb3060d0ed,product_311,12,43.54
5c1c6035-f28c-4520-a73b-b30340d0d93e,product_312,68,321.4
94d6e0de-168d-42e8-9932-36e20f87f75c,product_313,48,37.12
4e342966-c960-4f78-abbc-2e27ba0c78dd,product_314,15,268.53
9e0f0b32-8f1d-4578-b4ed-c749aba60ad8,product_315,18,887.9
8c07c2c0-953f-4a51-8247-b953c31a4756,product_316,25,792.62
f8d0d46d-b096-4e74-a302-6e5ccc093f53,product_317,30,452.29
40f9cd35-8075-4788-b205-961c686e8b79,product_318,50,540.96
62205039-022e-43ed-a4c9-491f32785f8c,product_319,8,579.78
56fed045-9784-4c8f-9405-fe5ba86c3280,product_320,97,389.55
75ef885e-ced4-42ea-9fd8-5fbeb24e2fd6,product_321,17,393.26
99b951ea-33f4-417b-b3b9-3d8d72002733,product_322,91,713.1
620cde53-76d8-48b4-ae86-f50ecf9e37b8,product_323,11,234.82
4a275bf8-9487-48ea-8530-0b90d8ec48aa,product_324,24,452.35
397d9cf9-e24b-4960-8371-fe5d365a2032,product_325,41,188.46
ea9569cf-cc65-494a-80ef-1491665b135f,product_326,8,814.19
eed3a9fa-493c-482f-8dcc-e0db836541b5,product_327,74,808.7
d388fc30-efd4-4306-acef-5d78ad2e8e7b,product_328,2,819.55
ba18f3d1-2545-44b0-9f0d-3c98c3a36c6a,product_329,56,41.41
c79ee47c-01f8-46c5-a423-d57273ebe4ab,product_330,56,521.0
3fbde073-35be-48f7-96ea-99b92037406e,product_331,88,845.71
21fa3639-ac2b-4a3c-b8cc-9456e5960d50,product_332,80,895.05
36ccb11b-4e5a-4f46-bc3e-eff7d961eb0b,product_333,92,299.52
2cbd1d84-5fbc-4ff0-874c-a5999b10b0f4,product_334,24,230.66
5bdaa31a-5dbe-430a-8182-861010cd306c,product_335,35,216.08
47b48169-fee5-4bb6-83ae-2301c1dd2184,product_336,89,961.1
7e096b10-e02a-4110-9bec-7ea8e8485081,product_337,24,476.77
1de75b79-2be9-4797-81ca-da0467a32846,product_338,26,309.23
9e2926d2-0ebc-4bbc-a41d-9e58143e49a5,product_339,37,271.6
abca8684-4cd8-4b8e-8304-d320f53e78b0,product_340,39,658.57
41fbafdf-10ab-473b-8d8e-8e5137852d03,product_341,11,101.09
7c607e01-a5c5-4767-ad6a-a01faf84504b,product_342,68,790.19
337f1eed-e5ab-43cd-b82a-14accac0d8ec,product_343,3,112.1
afe45e06-695d-44dc-9a3f-eeb5689288ce,product_344,2,623.24
dc3d3f1e-d8f0-4439-ae07-f7b73d7dc8cb,product_345,61,585.84
9c111b21-6b81-4126-8b13-2d2117a15008,product_346,89,689.44
7b9a976a-be28-4233-8b92-2ffd0d45493b,product_347,89,441.6
247fb29e-7294-4c3c-8ba0-fc09da062b83,product_348,6,74.81
d5e11730-face-4a57-9720-0dbf5cebec06,product_349,84,914.36
f5dff553-1ef8-441d-b390-12a2b862cb20,product_350,100,701.02
cde43b79-fb5f-4e34-9d88-1cca51b5294e,product_351,86,263.07
439a2271-fc04-44ca-a237-00b8ad3c81e8,product_352,8,518.32
ace87aa7-dfa8-40c7-b758-9c286cd904ec,product_353,99,880.97
e74a492f-ccbf-4994-9044-b680beeb0d7b,product_354,80,631.54
768d61a6-d42d-4c41-be35-e7bd4ad79d8b,product_355,66,283.91
8f6917a4-68a7-4b79-85cc-398719da6412,product_356,17,472.82
e3295ea0-ca74-4d28-87ed-846284b87b4c,product_357,63,982.82
36f3325b-8f29-4cfd-992a-bc4c32091523,product_358,23,738.07
3efbdf3b-80de-4103-be6a-e047be058338,product_359,67,649.83
385ed62c-6ac6-42bc-ad83-3d0f206d201a,product_360,5,761.93
05962ad9-9bba-4873-a537-d074e18b186f,product_361,3,487.9
8d59ab22-5085-4074-bd40-44c030e9e237,product_362,28,244.41
e2bc3ad6-43eb-4957-94b2-82531e059d7a,product_363,59,236.19
9bc145c0-ef6f-4c99-a24f-49e812592992,product_364,31,731.75
69f7189a-270d-468e-a326-1290edbaf2a1,product_365,43,368.44
5d13f5e8-9883-41d9-9952-a8c70fbf027c,product_366,51,799.47
f92ab76d-8f0e-4468-8b82-c787bfff5dd1,product_367,10,50.02
c8ac0b7e-061f-4b98-bf61-0679feecdd27,product_368,73,217.12
12e20e0f-1551-44fa-a3a2-9f95578aa56b,product_369,6,273.92
8cfe6430-72b3-428a-80f8-ec367123470c,product_370,6,871.03
98f3ba62-9c6f-4aad-b20d-308923101017,product_371,36,124.1
cc635255-656e-4daa-b847-7bb387a09726,product_372,67,811.71
50ffec5f-ba76-4d67-b2f2-5e78fe82d2da,product_373,60,612.0
b67c7625-815d-44e5-a61a-9e546a5855d3,product_374,31,861.51
51d9fca2-5193-4328-8a3d-3576e2b0343c,product_375,84,484.06
e5d1de3d-3328-4363-9926-5dcc30ee6b8f,product_376,28,313.4
7c4ddc07-dc8f-4b4e-93d9-e3ec29f5a733,product_377,74,193.57
23698f12-6a13-4443-be4d-c364996d0edc,product_378,26,639.99
3574b89b-13eb-4f65-b5d9-3c6c3ee3af54,product_379,8,284.05
1a5c20d9-61d9-4c96-a1bf-88c18bbcfa6e,product_380,11,903.21
0f97e23b-9bce-4adc-a6e8-43d81d93290b,product_381,71,441.38
09959ceb-0534-42f9-8f84-8b17d1218203,product_382,66,579.65
54779462-0800-4dfe-bf35-7174d74f29e8,product_383,17,980.68
5cd08bb7-34dc-4224-ab07-80aab679b015,product_384,75,522.98
560c90d8-c58c-434c-8fe9-1fbc9a22db2b,product_385,33,429.33
be308f72-9418-478c-9509-80f0d6d6a615,product_386,53,373.99
e6e50d27-4bf0-4cdc-adc8-8c7ef008b28e,product_387,16,376.21
25b3525a-5f46-4751-84e3-880038858dd9,product_388,92,504.24
47e3aaab-d98d-42cc-b39d-7967aa034a8b,product_389,17,24.35
99ecc921-aa30-4cbf-aed6-a777e1c66dc3,product_390,4,919.32
bacf50c7-3897-49b3-8ee3-b518a5d42269,product_391,65,400.19
c44d4074-c787-4c6f-a3f5-f50fc1923b62,product_392,75,963.21
f09d7113-098b-4bc8-a846-3c981225ad97,product_393,97,269.81
d365a79c-9b93-4244-9057-f99e52c760b5,product_394,70,35.4
d2d9068c-54ce-41f5-bc87-da4ef59d5bab,product_395,95,535.23
9bbcdb7d-50e3-4133-9055-013f4cd8e135,product_396,70,694.4
c461932c-d18f-4b4c-a12b-69e7a2163e26,product_397,73,240.2
ca0b7a10-76c1-4c15-b468-7a282bf96c72,product_398,8,298.44
e90927aa-3d77-410c-a9fb-44ace9d005b8,product_399,40,111.72
f9da7f35-8f3e-42b3-84c9-751cec252818,product_400,95,23.03
0c59bbda-5d0f-482a-81ec-c17dc0627559,product_401,43,963.86
4daed0d0-cab2-42cc-ae16-ff51576c66f3,product_402,65,919.65
1d90a7e3-5904-4abc-a590-6f6a570166fe,product_403,97,172.76
63a16074-a801-4eec-9f68-f704f31e40e8,product_404,2,112.27
7c86416d-a1b8-40cd-9e8d-77cb20f2e86b,product_405,9,855.74
4d45cfd1-d2cb-4712-9a76-af55a53f2d06,product_406,16,807.29
20a81c16-2a97-4e9d-920e-64ffbb6abd6d,product_407,22,746.64
a5cec2db-9373-44ca-b3e4-be80f274a159,product_408,16,629.06
84a44302-9831-4467-a9da-747ca1c8f28c,product_409,31,682.82
cd75759f-c774-4e2e-9251-41f2fca70a6f,product_410,4,140.64
f62aa583-2a73-4d19-bad4-245b865d395c,product_411,63,34.43
7c0d177a-9b2a-425a-836c-6688b65ea168,product_412,64,549.03
3fbca77f-f87a-471d-8a62-f2d5a8566dbb,product_413,43,963.33
6be5a623-6348-4af2-b7ee-341615031051,product_414,13,686.43
43f563a3-eaa5-4430-afdf-ca6d5d14c27f,product_415,65,376.56
21cdd22a-e371-4e6b-af22-2cd6a3b550ff,product_416,88,705.77
5e258927-084f-40a0-b5f0-7b0277fa0e8e,product_417,70,485.35
59c6db0c-f747-4219-9abb-b0625ce9a6c8,product_418,75,644.4
f0be688a-7c50-4993-ab56-ee9654579fd4,product_419,96,334.02
e295b8e4-d448-45bf-a009-2ede4fcc3536,product_420,28,963.92
93972ef6-ee22-4123-ad39-83f52fb9ab41,product_421,72,134.05
8ca72cdc-dbb1-4c4f-89ce-4df4c28a83db,product_422,40,938.77
ce4e5fb5-11d9-4d05-8f3e-b2428a149e52,product_423,96,875.34
95edda12-abe6-4d5a-85f1-f30569a5c9b6,product_424,10,472.37
c5a20d14-ce50-46b3-b2e1-18384af037eb,product_425,35,840.39
9e2c2b36-e871-4d89-beff-64cc34f28190,product_426,11,629.24
5e8cd312-b175-4fc7-bd8a-fd5686406d22,product_427,19,944.33
e7b10e01-67f6-42a5-8894-f007e551f906,product_428,24,550.8
f21f056d-e01c-4537-8402-28a6b95476db,product_429,26,362.82
c3388362-77f0-429d-a396-de74ee4e3292,product_430,30,359.36
cc4b27ab-c991-4d85-9df1-7782e1594c00,product_431,46,622.61
f3d82440-2e8c-4f56-89b1-1234db820fa6,product_432,85,430.98
b22e056b-c391-4caf-8608-eca018e0bbc6,product_433,12,60.96
5a9af3a0-be48-444b-affb-9704c0081710,product_434,31,263.98
03213a54-3954-4172-a8d0-e1eb39267185,product_435,17,635.0
5268ddb6-9a8e-4548-aa57-7077b02286cf,product_436,77,527.84
02b83cad-a0e2-4a75-b11f-e9e6e4c551d2,product_437,95,317.82
77767d7d-f61f-460b-8034-c8c9f3a4f0ae,product_438,48,129.67
0973c410-1677-464b-aa46-7c4fe2377ade,product_439,95,370.98
399ecf29-8a48-40fd-9332-471be760ee76,product_440,95,697.37
671fc37b-8efa-415b-ba25-7a2bc545ff34,product_441,8,844.9
7dbd4d81-a0cf-45a0-b17f-6b36833e0f59,product_442,70,220.23
f64edd85-f7b9-4492-9015-4ef6e5186415,product_443,23,612.88
e9b0a23e-a86a-4e7b-ba4e-b6f88912105d,product_444,96,339.19
81b35c62-45a7-409a-8d73-3d3ca7b8af68,product_445,34,53.22
15aa2ea6-63a2-46ea-96e7-18f683196878,product_446,100,875.2
0d4345e7-1029-4523-b9e2-cc5f7d3e2783,product_447,85,601.03
4261a2af-bf01-41a2-9047-1c62490d532c,product_448,21,29.07
cb07237b-9815-4f73-99e6-89f7c4b9aeb2,product_449,76,712.34
9225a04c-8a1a-4304-b493-1b713d42f8bf,product_450,10,922.19
0a28646f-9d53-486d-b02b-a762f83ce177,product_451,59,522.66
7c893d3d-01f1-4a6b-abbe-3210dab639e2,product_452,98,556.65
0e528775-4da3-41c1-9a49-96d9c31cbabd,product_453,60,975.34
09ffba41-991a-4154-a6c8-ea0c9c02f42f,product_454,6,738.45
08664414-7658-49ed-9ce0-6047592f09f2,product_455,26,204.37
cbde8d03-d678-429d-a4d8-da21f9b7f561,product_456,61,872.27
4fff521f-2762-4012-aa8f-611deee7584c,product_457,96,632.35
2389e823-f623-4f67-bba6-aa94eae636fb,product_458,19,801.66
584af78d-45b9-440e-b2f6-a0d77e86a527,product_459,88,125.73
5a1e5c94-0d9a-43d8-8e30-34eccd17d196,product_460,83,881.76
a40bbe09-0836-423d-af26-9b3fe89bba42,product_461,93,484.33
56c93161-484a-438d-9b49-a990f912f5c1,product_462,84,633.8
ecf00517-8757-4f00-921f-6b3f41269a23,product_463,62,597.46
cf88fdd3-f797-4d68-b46e-a88319006284,product_464,68,90.51
37280354-a2ea-43de-9d7a-72db46837a60,product_465,21,134.82
45c703af-6f65-41ec-9ffb-06feab113bae,product_466,81,261.54
aca8ce41-c589-42b4-9ff3-bc73dec26f98,product_467,35,122.18
1d0f82d4-7d67-4232-a91d-bbfb532cec43,product_468,94,647.27
2950c69a-40ce-4d3a-a7f9-7cca0a61d9fb,product_469,37,260.37
c1429414-25f4-457b-a2ba-ad0061bec595,product_470,48,78.98
ffa9c827-9f3c-4879-bbd0-7c31d1faa470,product_471,82,836.96
981c9c19-df8c-48d6-b16f-1c6d789e0214,product_472,51,655.37
1a891f6f-7cb3-4043-b1f8-952e8cd9ef72,product_473,31,252.38
2cba9605-e537-4af6-84cb-b09238688ae6,product_474,40,407.06
39d40a98-1a45-4cd7-a70d-4782ac9f5353,product_475,98,565.0
ee6598c6-6d76-4f00-baf5-98da90ca8d2b,product_476,70,257.49
596f5892-5beb-4ae1-9986-d1e317647007,product_477,100,908.79
35d3aa56-674f-469f-a2a8-e6571b848903,product_478,32,552.9
bc3cbd0d-1da6-4a15-8694-9d9d644cdcae,product_479,74,920.61
7fb2cca6-c5d3-4c2e-a187-657d3c1b6012,product_480,13,278.63
2a8777e6-5a3f-4be4-9149-ef5c8e7abdb1,product_481,42,490.01
d836969a-3d1b-45fb-bb4d-f4ba090f19ec,product_482,10,221.76
d7978832-dfa1-46a3-90d2-5f8043491d92,product_483,71,273.72
931ca4c2-292d-4657-a606-cd75887fd497,product_484,66,614.55
fa4baf1d-a7b9-4eb9-893e-51d8b81f1bf8,product_485,43,287.55
e6dfa04d-5f0f-413b-802c-0d7a8fe8423d,product_486,21,336.01
e1ee02cd-e326-48ee-b194-9c97ccb0ec0e,product_487,32,38.93
2ee23ff9-6372-4582-ba9c-711615c984e0,product_488,15,587.57
00a27949-9acf-46c8-ae60-46acb1532a7c,product_489,97,901.78
a9e61c3a-af79-4e51-b28d-2cb9728eeeef,product_490,11,313.55
4e2e3d5c-529e-48d8-9f14-b52858b95ca8,product_491,67,952.61
fb6c1948-7a42-4449-bf4d-e34b2dcdab45,product_492,80,847.5
c176c057-e83e-471b-b457-f6048cd4cce2,product_493,88,365.65
879aacca-0f25-4d68-8b83-fb48bac975a9,product_494,20,235.0
c20b61cc-bc5d-459e-b84c-098342071eb3,product_495,16,837.41
9621ecf1-df52-435b-aaaf-89c472c09953,product_496,2,103.96
5e7bfcdb-03c5-4a69-a43e-7ed3669a094e,product_497,66,403.65
55710b13-a93f-447b-ac3e-4c9c191f0f00,product_498,72,920.92
c143520c-fb2a-4529-8c42-03efee237380,product_499,18,926.49
7cbc5dbb-de7e-4fde-8df1-b8e7bf5539c9,product_500,52,440.81
b8faa81f-f492-4e9e-8bf6-4260a8ee1468,product_501,6,245.24
93f4a844-ed7f-4ef9-947b-14393fa90e8d,product_502,14,581.49
1e04c680-f61f-46aa-8787-dfe8b499327a,product_503,73,511.65
0e7b64de-d374-41fb-88a8-ead21befc2ea,product_504,43,187.68
cc7b6518-7b03-4df5-945c-9e037782fb91,product_505,69,264.69
03b6f5ad-7be2-4688-bdb2-40e5ae9caa61,product_506,8,777.98
c33c7c82-cdce-45bc-8516-589067dd9937,product_507,82,185.14
a2c32198-f530-4bd3-843d-eb7c21fd1ee3,product_508,95,932.58
7e834656-0757-4a39-b960-9a4479b415ae,product_509,80,322.25
f152bcb8-91fc-4bb4-8d4f-fcb798884bc0,product_510,25,172.88
20b77570-e57e-4068-962d-0a62477755a0,product_511,56,693.71
79e8677e-8aba-4162-ba0d-dee16a2525d2,product_512,87,144.65
1bc9e14a-4677-4f81-b5d3-41d3dcfa7f4c,product_513,9,736.06
41aa9356-f77f-4601-8606-eda7466cb854,product_514,5,493.26
89f7d36b-ca5d-49ff-9515-e815d05adfeb,product_515,47,68.38
cb47c1a2-eca8-4397-8ef2-f748877a94df,product_516,86,799.9
f867fe2c-fd50-4e28-9278-23fdb6c8fd8c,product_517,55,906.72
0ed1d984-7854-4035-8b60-6cad9c6ee1b9,product_518,51,433.77
b24b50f5-0774-46ee-bb9d-a981adad68be,product_519,26,734.2
31c37a46-8694-4552-af09-37fa2ccff9d1,product_520,2,53.54
dc71d8f2-2387-4319-bfa2-9b7240dec21d,product_521,79,525.78
fe0ffd93-9c80-4dcd-8c1b-18f06e79b026,product_522,20,727.55
54a14088-3089-4ba9-b20a-3d30f36279ca,product_523,76,911.02
77d04ee7-c5de-42d6-917a-18047cf770a9,product_524,73,530.9
bc26b1e2-ac6a-407b-a0f7-2fbdb70fd6aa,product_525,27,290.39
f36f6e5c-1b8b-49f9-ac54-688bf4161a9d,product_526,93,450.98
9bd5fd2e-ff08-4c53-9d45-1ffadc579258,product_527,27,206.17
91bf592f-c6e2-4669-a216-1090fd71dcdf,product_528,44,932.04
d5be5f22-7256-418c-87b0-ec7a6088e999,product_529,62,946.35
2b5ebf6b-5a8f-43c7-8dba-ba465fa367a4,product_530,56,753.94
ff93c88a-c7f8-4b71-9df0-8c42d41ce4a0,product_531,65,301.17
ca378e55-9fcc-43b9-b273-065bebe60bbe,product_532,33,410.18
b7160d43-4b67-46b2-a36b-7e2e783f6e70,product_533,37,268.6
08ad75b9-1387-4b5f-ad65-ec0173a4b51c,product_534,58,424.56
d085226c-b5fe-4159-bd9c-f36601e09972,product_535,31,788.75
23d025dc-76ff-4f24-bc9b-d08ff24416d4,product_536,99,615.18
52471f58-4295-4e9c-9dad-459638e90087,product_537,11,673.35
ede4072d-057d-49e4-88d1-e3cd97f3c897,product_538,60,268.37
aa17e1a0-2020-4a43-9d7f-70ed28fe50c9,product_539,65,987.93
9501ee81-ec7e-4981-acd5-10c507491320,product_540,36,191.87
3d25107a-2e2b-460a-9c6d-024c569d174b,product_541,57,318.27
eda79d3f-9fa0-4014-b308-ac4e6d8e7bf8,product_542,74,349.46
8c30667c-9072-4a0f-ab27-85c7f0170ba1,product_543,35,543.97
20353d10-600c-467a-996d-bd1ea878ee59,product_544,35,143.76
aa791f11-a70d-4289-b8ef-e8908ddacf87,product_545,58,563.9
86dae1bc-e681-4980-8450-5679de0317f1,product_546,24,597.97
6dd9d4cf-05d5-4c34-9002-71155d1bc6b1,product_547,7,805.57
c3a0152e-f34f-41a1-9e12-f53efe0a210b,product_548,26,732.99
168cd783-6c48-4ab7-a0ec-f2a32d177134,product_549,58,404.46
96f8fbb9-2d83-4d80-82e0-b7f7eee2ccda,product_550,35,265.81
b99ebe5d-a34f-458b-af3f-c2b2c4b76f1b,product_551,54,601.41
6f992d89-bdc9-4cc6-a52b-38198c92a75b,product_552,22,446.03
ad9e4c61-4ee8-4c31-af5d-65b9a4dd6db3,product_553,16,729.28
8f61c895-1a08-4f61-b2e0-249aa5fbaa8d,product_554,12,725.78
b1405e87-8a9a-4414-939d-5d95619b7be0,product_555,22,774.28
205d0dc5-8ae5-4f27-815e-8b613d04c990,product_556,98,383.68
6b6a434d-e12b-4cb2-8197-18932a7422c9,product_557,19,573.56
b1058b01-f29a-4e74-9271-1675e0b9fbdd,product_558,14,227.29
2ced1b4f-25cf-4a94-af9c-005520ec2ceb,product_559,20,331.83
2e4ed0af-9dc5-4d8b-bebf-c5783bed0cf8,product_560,58,86.36
c799a9f7-56db-4ab1-80d1-e86bbb650fcd,product_561,32,238.7
71d87493-c3fd-4bae-91b0-b292c7ba3715,product_562,79,508.55
b8f67898-a7ef-4111-8cf8-f0e0c087a837,product_563,80,984.37
5fa6f51f-2eb7-41c4-a05e-2d01eba2d65b,product_564,15,733.2
a68f281f-62d2-463d-ad61-8a06e20437cb,product_565,99,453.65
5f55e100-7758-4dd3-9a2a-63fdc4125d61,product_566,81,765.92
32e8c0d8-b781-47a8-8583-e0dce31f6a4f,product_567,18,287.77
a647cc13-2ea2-432b-b762-7f1634b509b1,product_568,47,455.31
86656d3a-3b8b-4b09-ba1b-b4a393c512c1,product_569,66,282.55
02d74b59-86e1-4834-b646-1a10e01fc6d9,product_570,47,151.09
a3938d74-bb34-4726-901d-fcf3d2f5962e,product_571,19,966.38
afffd03a-e8f9-48cc-b4d8-ec86409d8c37,product_572,77,993.04
d8ab61a6-c8e0-4298-b71d-64c14cf9f7b9,product_573,27,332.94
7b7f44dc-d357-404f-a1f1-b9e766ba1dc5,product_574,48,436.65
3a00becc-139e-4ca3-8d89-66f73611d381,product_575,2,270.15
02e94a59-d655-496b-af11-d124a0e82fdf,product_576,39,150.04
d5181335-b6b6-4f83-aecd-31e9a25587ff,product_577,72,722.93
336ef1fe-4faa-43aa-a44b-a7585c2bfb80,product_578,46,777.15
b94c6653-dd70-4e0f-b4d7-ac5fa477f56c,product_579,78,268.08
ef551359-a25d-4c30-9861-42a66f946caf,product_580,31,322.59
7909734f-5ea9-4084-83d3-07e0b23808bc,product_581,28,378.78
a2bb5d75-0df5-4525-8135-ebebe9d69372,product_582,65,588.83
22243b3a-3e29-42d5-816f-b29497f8cbeb,product_583,77,12.61
cd8ccb7d-ec31-4a35-bb34-506a231e5f39,product_584,27,119.81
c87663ab-4b3b-478a-b297-3f0ab46cdc27,product_585,21,169.75
073a8aa3-1c38-44f2-893d-b89aedc3fc93,product_586,64,672.96
6bde6470-6329-457f-a7a5-cb83faee2da2,product_587,33,95.14
b765f5ed-3ac7-4cb0-b252-fc2fad163164,product_588,43,257.61
6e777e88-291c-4ed0-ad09-8e1f09438ed5,product_589,39,243.41
f6f51e38-4539-4070-8a0f-194888569000,product_590,52,102.14
a59c5970-a97a-4a90-a9f0-ba815100fbb8,product_591,37,127.69
dfbbb1f9-8861-4201-a4d7-a6adc1bc8889,product_592,24,920.23
9ab646d1-b5c8-48a1-b6a5-ff00fc05afce,product_593,87,749.41
0b31cde2-27e5-4a2d-9493-6bf46f1b0842,product_594,5,815.61
1786f5d3-6fba-44cd-a8c2-303aa237d441,product_595,25,380.83
5384127c-2704-467d-bb3d-ff31ef550cc9,product_596,24,493.75
2f3dcd42-6a21-481e-b11e-a2229221a31d,product_597,91,536.21
c3d68996-b41b-4967-93f5-b3a015a54c24,product_598,80,642.49
aca1308a-9fa6-4123-9eac-7752359d50ce,product_599,64,151.79
95f712a2-0498-4c6b-b24b-c434610b04cc,product_600,49,12.34
8b1cfc27-42b9-4a14-ad0e-d1fbc09e9417,product_601,67,380.57
e73332da-4c54-4cad-b8a3-cd3017d74288,product_602,57,902.31
2b84a804-4ead-427f-ab1a-6000f49edb7d,product_603,58,186.39
3d5ae645-c8fd-4ece-996c-0e8fd1855fcc,product_604,42,335.02
cab90398-fd76-415c-9da9-6d13c122c2bb,product_605,28,720.5
3955353e-97b2-4b8c-8600-b67428b99a77,product_606,94,280.91
8e820d2c-0ef9-4c8f-8d42-20b8db57d40b,product_607,97,984.25
7959e209-aaa3-4acd-be5a-761525ba444a,product_608,33,689.33
3f690480-8558-4d8a-9786-7f7830fa694f,product_609,14,967.16
4a3e1519-0fee-44d8-9c92-4b5b703f9e01,product_610,91,914.39
e1804858-e3f8-440f-bdf1-f9a7073c63fd,product_611,73,445.98
8b78c4d1-8785-4b21-b07d-753e778dffea,product_612,11,342.21
e27f4eac-f3b8-434a-868c-d8ea80ca6d1b,product_613,3,928.67
0b55a2e8-360b-4ecc-8321-c99ef474a3da,product_614,40,837.7
c4a196fb-759f-4f66-8c69-a0b55cfd4a43,product_615,62,279.47
4da4b9e0-5934-4133-8840-2dbdba01b2cd,product_616,30,304.56
986fca4d-a3be-4838-bc57-b9b7e2df95cf,product_617,75,73.14
6f9ab86e-76ea-409f-9c5d-7d57777d5c85,product_618,8,42.77
91385f7f-8c96-49fd-8b11-b8c2705c49d8,product_619,90,304.11
06719e7f-9e35-4f1f-968b-7b8928219ad2,product_620,37,790.13
30755ce9-4c5c-46d7-9bd0-fdf268c8ce64,product_621,39,631.82
787c565b-e617-443a-a1b0-a92ee3cf6f51,product_622,28,187.16
c21323f8-7bdc-40ed-bb95-f2397587ab1f,product_623,20,533.24
45450599-dd33-4272-94f2-2e0ebb6b6396,product_624,62,301.32
1d8e80bc-a30e-42dc-bf34-30fcd752bb42,product_625,39,199.39
f77a6a27-74e4-48b4-9802-d95e9f0703b7,product_626,82,451.15
965343f7-1331-4e1f-8a26-4f3aeb158d08,product_627,34,462.77
674b9c56-3dff-4305-bc4a-5220a5793f5d,product_628,36,90.69
83627358-a3e9-4dd8-8dde-e778b7fc264a,product_629,17,325.93
c3ddefaf-d110-41b4-9b06-f6f4759b5919,product_630,72,33.67
ef904bf0-6ccd-477e-adee-833b2ada9d3e,product_631,7,423.31
54b6f359-a1e5-4127-9faa-7e8f5ab8e1c5,product_632,93,465.87
bcffb9b3-06ee-422f-810f-ba9298233480,product_633,81,817.84
3da06e07-2f11-43b2-897f-e4444709c930,product_634,37,810.17
d213a7c6-e9d0-409d-8f05-cd0485a54f05,product_635,90,203.53
b23fe21b-c253-40e8-abd2-a54fcfa42575,product_636,37,880.55
4706bfa8-888e-4ac8-bfca-e3c8d6da7db8,product_637,81,663.79
f9e83a2a-7b81-4867-8248-51571f3e3142,product_638,82,406.4
3c5d3e73-1596-4eb9-bc1d-20f87de13b79,product_639,4,891.95
2aecd006-308e-470d-a0f0-c92dd403d5a8,product_640,57,174.11
012b50fc-a6e9-4619-bcdf-15c58f4fb353,product_641,77,985.08
0fb1ff0e-84be-470c-b9ac-d020500d53b0,product_642,20,878.35
3e74935c-4ac6-4d99-b7df-8a04f3180740,product_643,9,535.92
6a47c200-a637-4d5c-8f60-3448bb6f6b7e,product_644,43,698.85
93a4ad40-ed77-4ead-b639-4e4024e20f0b,product_645,94,72.16
b02b43ee-c9ce-485d-848c-2c50a5078373,product_646,10,66.74
43f2951a-07d3-47da-be38-456683d142ad,product_647,15,948.67
3316c735-80aa-4e4c-8adf-7d407604dde2,product_648,56,896.87
c2c14152-6970-4ba4-8605-00a6e26bba37,product_649,37,849.99
5289ab71-2193-4d6a-a0fa-805981bcedfd,product_650,15,945.8
1181c352-fb18-4aaf-9d31-48d2be8b077a,product_651,65,304.98
39ff87f7-a0d5-4a09-9b14-5ed4f30cf70e,product_652,40,590.19
e5665699-9690-46ed-848a-99b2f69827e7,product_653,32,374.47
9c209a25-08c0-4edf-90b6-ba6a433a7b39,product_654,44,620.9
66e9f382-56c0-4bc3-9716-e2bb2d9f0882,product_655,5,556.88
5173384e-9b35-4be4-872b-bd5bf7827b8d,product_656,38,628.67
ef02336e-3659-48ec-98c0-da67bee6118a,product_657,2,691.4
f8a48239-3550-4836-b6ec-5ac76a3caf84,product_658,43,526.86
5bc14560-9647-4e34-995d-9fd600bb1b71,product_659,90,400.25
73624ef8-f58d-4821-88b6-deb0c22cdbad,product_660,83,392.69
3a546fde-cc45-4a40-814a-eb356dd663bf,product_661,92,609.68
728a19d6-70c6-4080-861c-3faed8523ec2,product_662,28,286.15
5dcf8213-7ff2-400b-938b-6f6a04388c08,product_663,7,928.81
9e8576a7-584e-49de-ae14-e73df7bb1aec,product_664,73,112.87
6d25c2de-0bcd-42de-abde-42b324d62b79,product_665,50,870.03
4395e403-d346-409a-8e0c-4796e8a4b947,product_666,1,564.03
818dce99-2fe1-4ac4-b4f0-529c66f7727a,product_667,1,883.74
f6d1a239-c180-41cb-8e01-679a313f72ea,product_668,64,962.9
19f07330-f236-4abc-a4c0-56cc45907b73,product_669,41,997.95
2cf008a9-b10b-440c-aa1c-308c16172067,product_670,64,212.33
c7de3337-9aa3-4fc6-b854-ae236d4a2435,product_671,22,911.04
c3123644-ba48-4a41-9847-21144d8f40ed,product_672,22,205.09
93ab8d20-a313-4789-bd27-97fff0dd109c,product_673,62,100.41
41a168df-bc79-44a2-9cc4-e2cd6f96700d,product_674,36,947.02
ca0c22a0-df44-48c9-b087-a29a0dcd685e,product_675,61,362.69
d77b6904-4681-4917-a66e-3a22bb7cad96,product_676,39,787.86
82606df1-3c55-4b15-9201-86b0b1cb2519,product_677,36,105.23
1c7b91e6-577d-49b3-8244-2bdaabe307bf,product_678,62,363.26
8e205372-27d2-45a9-8c07-028ec0254fd1,product_679,86,60.72
61ade61c-c176-4888-acf1-00da73ef6021,product_680,88,519.41
79ba37fd-940a-45dd-ba45-e831ebaad831,product_681,77,350.43
8223ade2-4999-4b68-9b7f-a0f0aee8938b,product_682,23,719.17
c42a04ab-216f-4b8a-b1f1-72cc373497d7,product_683,4,231.49
85203847-8c07-482c-9bc6-2cd8993d6ab8,product_684,52,187.0
591beab9-1cc4-4f44-b9f9-b7e58f1f0293,product_685,34,434.98
efa82d9f-a97d-4027-a15b-94d7b99454cc,product_686,17,605.82
5f3ab511-4c5a-4348-9225-2acf9445e5a8,product_687,65,743.17
8f3f6ed4-bf87-473b-8b09-c2889a6af902,product_688,61,821.19
ea2dbcae-9cba-4e27-8304-b8c906ac813e,product_689,52,580.97
7c93ecc9-dbf3-40c3-ae3a-0f02166f3195,product_690,84,248.76
3745ef21-6b88-4f0c-bc92-4939eb6debf9,product_691,60,331.54
75ebde0f-8bbf-4c73-b0a3-8c0008d3daf4,product_692,51,561.68
941899b4-4e05-448c-8d21-475e853036f2,product_693,29,21.54
5c912ef0-72e0-4797-94a1-6a0f0ac6acd5,product_694,95,270.18
a8bacd2a-b730-41d0-820c-42c5290cdc72,product_695,59,35.63
7b9e4a2c-5eab-4d14-8e54-1bc6419facdc,product_696,46,358.51
85ca8268-9476-4b6d-87c1-06574f5d4636,product_697,45,560.85
63d237c1-1ffd-4d33-93a8-551ec8d47133,product_698,21,682.98
c042f1c5-437e-487d-b9b3-6141a6f95310,product_699,67,297.69
36b4b280-ff5f-43ff-969e-068ec5d44caa,product_700,69,983.18
923b8701-e939-4c54-b709-c94fb92d66f6,product_701,95,568.89
416f7cd8-54af-41d7-95f1-837ece9bbf9d,product_702,75,242.98
81c968bd-4f8d-43eb-a11c-092733dffa6e,product_703,56,539.07
18e60403-3c6c-46e4-a1e7-8de2ffc493b6,product_704,26,802.28
c12406fd-5ad4-4567-8d54-4400ce53c250,product_705,47,999.88
bfbf8fc9-cdb8-4ddf-b8d5-0b193ffb7b73,product_706,8,157.32
c631255f-4b54-41ce-a188-8a4a28a3b94f,product_707,90,894.22
137b01e1-a771-4ff6-b469-bf4bdef616b3,product_708,39,317.59
6d7e70ad-5896-49b9-a87a-3efdd02f700a,product_709,61,646.61
4457e65a-ceb8-4b9d-bb0f-1371d1ec4d2f,product_710,3,79.25
cb96b4ab-5b1d-40d9-8e78-0fcf041281ad,product_711,94,702.52
ecc8da87-25ab-458b-b6a8-93f2b72adafc,product_712,30,417.88
6ab636bb-cf93-4c54-825a-0188c77aa5e5,product_713,74,137.56
bfa8b435-2f38-4be5-803f-d2ae5707c02b,product_714,4,673.71
15b05669-dfb2-487d-a300-79d6601b8f4a,product_715,69,658.48
3dd9495c-d39f-47ca-84b2-35f47e12cae3,product_716,25,868.27
26e41afb-3591-4d22-ac4b-e6ddd92df899,product_717,87,392.3
45ce90fe-b631-43ec-9443-e3e7706096cd,product_718,44,304.17
525d1665-5b86-4fa0-93c4-9b4f9f29e1d3,product_719,28,13.55
e2593e15-c171-4de2-8f66-a29cd8c3fa31,product_720,23,981.58
c812cbf9-dc1a-4c29-8cd0-1975dc885c7a,product_721,39,824.42
f44691ce-d525-401a-abb0-1511d5802a9a,product_722,70,973.48
a1b8718a-c027-44be-95b9-3bf9ea8848dd,product_723,88,647.29
099bd34d-c16b-4f42-ad1c-924ba56c0a1c,product_724,61,451.52
4e43e7cb-b254-4104-9a96-0dea5f34ef37,product_725,66,961.81
3849a8ce-c67c-4f99-9519-9123efb7784f,product_726,47,431.15
c2534c41-3abf-403d-8438-86e1616ec159,product_727,95,148.8
2ab3dab0-4b4c-4c55-9be7-7352a582f754,product_728,67,510.87
b8f61755-98ab-4f6f-895b-d4ed52cb95d5,product_729,87,952.32
ea01a69c-6396-4a34-919b-0fada0e0a2c5,product_730,22,614.33
8f155100-3d0a-4bbe-b3db-6b577b1b9b0e,product_731,38,246.42
b3d5fc7e-06d5-45ae-8456-cfb5e23a4f08,product_732,13,342.05
66bba1c2-c941-48e7-a02e-ec715a08333a,product_733,57,765.48
74f72ac9-0954-41fd-88de-b659420b0701,product_734,23,156.31
db29ec88-9ca5-4ecb-bedd-b674b51fec38,product_735,38,838.77
01f95b9c-2d67-4f50-bd50-8558880fee08,product_736,71,56.06
c3016356-35c6-4398-877c-f58458437d4d,product_737,70,68.42
61774adf-12b2-4658-a130-a4b55d2f7a62,product_738,67,354.93
ddf220c2-a5b1-4ee8-b3cd-2b99d4edd155,product_739,57,23.25
ee174821-1d0d-47ef-8184-2073ed587dd2,product_740,70,129.43
b4fe89cf-3f40-4aa0-85c2-eda759d72579,product_741,49,642.69
7d7f99a3-479b-42bb-a9bf-b7f5e91e10f5,product_742,4,994.73
2aca842a-1b1c-4d6d-b4fc-1524327327fb,product_743,19,152.62
7a7ddb5f-51cf-413c-b1b6-fa2a7dcbdf9a,product_744,86,376.03
bec2705a-0f2b-401b-8741-ab74e61efdd2,product_745,74,302.35
8b7a23ee-8544-4bc0-bc44-95b0c523d2f5,product_746,5,664.5
ab2a8892-93b9-46f4-ab29-ac80d1196d53,product_747,53,715.85
1268351e-5e29-4a51-a2df-c64d97503a9a,product_748,95,144.88
a93e202a-2355-4948-ae1c-2f081501f406,product_749,44,416.39
9d243f68-0ea8-4f7d-a6a1-568142a945c9,product_750,61,700.84
a4f433cb-6ba3-4daf-b4fc-4a291d7f6cb6,product_751,38,589.53
f125cd18-9d2e-427c-9371-260578d68d15,product_752,2,289.34
558cb393-4fa9-4335-89b9-dc4960e86d39,product_753,64,97.07
4977b6cb-8e42-4ef8-b0f5-7874869c09d6,product_754,10,926.11
a747386c-79e5-46c0-86f3-1644af365050,product_755,99,522.04
c2898d85-40b9-4d03-b574-6eb90c59d7f9,product_756,30,497.65
3056c360-ad9f-4ace-88c4-9f3a0151f32f,product_757,18,700.6
0d348359-0a0b-4d26-8ce4-81da78b1f5a2,product_758,31,487.61
96c9de1e-ee23-4029-a101-846f7ff6068f,product_759,30,135.07
ebb3c86b-694b-4d47-99b8-ecaa27e3ba6f,product_760,81,305.94
de998c15-032d-494d-a763-e4796559fbaf,product_761,18,576.28
06fa237f-218f-4959-b580-c0d4b410d388,product_762,1,527.16
82e7703f-1e68-4c76-b8d7-29dc9e127270,product_763,89,314.83
d931520d-bb7c-4b07-a99d-b80e28eb1ce9,product_764,58,401.74
4b379126-ada3-4309-8b9d-71da1ef6f3a1,product_765,100,820.96
2881d879-5584-4093-b591-0bb63e1cc789,product_766,9,557.63
5b6fa03a-1d57-4697-ac8c-a7f95bd2a65a,product_767,48,48.7
afee16c8-4e43-4b64-abde-06f4efa10af1,product_768,82,291.62
ad510627-049c-4813-8011-c58aed4cb8dc,product_769,3,436.65
a7900dba-7e87-41c4-b90f-985a68f941e8,product_770,60,118.05
0a489b5a-2f22-4ee3-8142-bad894fe3f8e,product_771,16,315.11
5ad1f648-4a9f-49cb-8ac7-fee7a0cc4c4a,product_772,44,329.62
bf9463a3-11d8-4a90-a1d0-14a8d2e2d97a,product_773,83,261.46
bb555ff4-b983-4485-b665-17b26e840809,product_774,15,264.51
24de19ed-0ddd-41bb-8d75-ebed7cdcb85c,product_775,92,356.99
ccd0a331-5576-4a02-9941-890aecdc5911,product_776,2,511.79
e0f37eaa-f6cd-472c-9309-88cf9aa3618c,product_777,56,95.86
dd8cdd67-2df6-4e83-9627-fd5ead4e9e94,product_778,89,533.12
d2cc9046-705f-4ed3-a9eb-cd9eba225df3,product_779,44,90.26
33150b25-87e5-4616-962b-67c7bd933f63,product_780,20,245.43
67da5304-26e6-4904-aff2-bbbd50f6a85a,product_781,7,415.21
cea0b295-e8bf-494e-a107-c6d6f2bf4b4e,product_782,19,609.51
0cdb9a46-1db3-4450-a987-c03aae3a3547,product_783,11,12.11
0f0abe5d-e4fb-46f6-9347-004a58cc7904,product_784,76,770.06
cbae1b8e-75b9-4a26-8b64-c23fe8c626a1,product_785,33,493.7
e5cbb8e3-ee91-442b-b9dc-b194e6dbb6a9,product_786,77,486.31
59ceb820-dbe1-453d-ad74-78928ff734b0,product_787,26,667.68
65b67b81-ec00-4020-a997-9461d889db12,product_788,27,78.66
cd322291-f506-4019-8498-7454dbfe8919,product_789,52,77.42
a13d93f0-6189-42fe-b2df-5d96e10e7545,product_790,36,167.23
16eac7dd-c483-43a4-9f55-37b5e58edf45,product_791,54,108.89
644baa71-3b90-40e0-b628-763e3991f9dd,product_792,32,102.2
8ce6e8f4-a772-4dc5-abcf-e4edaa8e0de9,product_793,61,994.35
0d6b0e6a-87e6-4ffc-88d5-2d0c76e914af,product_794,26,275.0
1879ae02-a534-4f5b-9715-ea0d5dc05fbb,product_795,53,461.73
c8d4b055-a8b1-4584-a0c9-0f61b88fd092,product_796,92,806.66
cc6b2ffc-1448-4b5d-aa90-d9f74e2c03c0,product_797,75,316.59
6356876f-35d0-4e0b-af37-86fc081357cd,product_798,91,69.45
6ef6b234-470f-4fbb-ae77-c9d9b4456f7d,product_799,54,777.8
bc75de1e-c05e-4bc8-b528-939b10254a3b,product_800,53,316.42
60e0dd91-d888-41cf-b239-928b215bb366,product_801,82,609.37
0f0b52c2-f4cf-47a7-978a-b219b0f2f31a,product_802,47,365.22
3412ad1f-284a-41cf-9b70-f2472d3749e9,product_803,80,161.39
ce0643e5-67f5-4e74-8ab5-61a6a4a9a27a,product_804,73,543.04
cd161ac0-67cc-4b4b-b060-e3ca4542a657,product_805,10,779.69
2dbb5f78-ee62-4364-bb0c-77305a121462,product_806,91,142.2
d8eb5169-9b95-41cc-95c0-e24f0349998c,product_807,23,790.07
ccda832e-7646-481c-ae31-6ee117fcd74d,product_808,10,527.52
22217c2a-d99c-46ed-81d0-52701da745d7,product_809,16,339.87
7fc7901e-f1ed-4c4f-928e-29db2ee879ca,product_810,33,86.06
857d88d9-c5ce-4e28-b81a-36d57eada646,product_811,99,89.28
faf06113-b235-4aa6-a74c-1850ab09c906,product_812,39,862.65
14b4f5e9-42d2-418f-b7d1-13a8fb58ff2f,product_813,71,932.28
9a3dce8c-eb97-4d94-8291-870e9d59f9e0,product_814,22,274.14
2207e32e-10a5-46a6-ab47-2ff41a1cdd41,product_815,66,404.86
c69ac77b-4bfb-46eb-b3c1-8364a758c6ad,product_816,71,870.39
0119b200-cfa5-419a-81c0-b912e687a734,product_817,19,410.6
854c7bfc-034e-4620-b1b1-5b9239ae58b0,product_818,50,254.07
5911e56d-c83f-4d2c-898c-29b556031f09,product_819,3,812.5
3770e929-dff0-4717-8606-8fb772c3670c,product_820,8,309.35
c0b79fe3-c307-4060-9774-2ba398080946,product_821,78,45.43
5b459cea-3d2e-4051-905e-8d8c742373c6,product_822,60,757.33
092cf774-6d90-4183-a5cb-93179450900c,product_823,14,323.79
b2219627-5fda-4c8d-9524-95cde88d85e7,product_824,22,758.04
12ebcc1e-0d19-40da-96c2-3173af223e41,product_825,24,645.35
ed05598e-892c-486e-9748-df24a9c16360,product_826,5,602.32
613b0e83-fc01-4fd7-89b8-b6eb95abd025,product_827,98,175.2
8e820e2b-c5df-406e-b830-31a6d8909786,product_828,12,452.15
d2726302-a430-4c0f-861f-8dbdb1211e8c,product_829,78,326.54
02303182-cc1b-4f73-9086-8380c51d4455,product_830,47,950.85
f8b2403d-9ede-46c2-96ed-5cc95894fe3d,product_831,20,412.28
abfccd24-93c8-4246-a112-0a146f204151,product_832,82,246.4
e711601a-e8be-4eee-b771-dbd4d0c147fc,product_833,26,924.41
42f9484b-e853-4c51-bdd4-4eac86a5f58e,product_834,49,327.15
a85c45cc-30c8-47a2-b24a-3a470316dcd7,product_835,37,961.61
e9344e22-c2be-4c07-bba0-5df05ea456f3,product_836,53,119.1
3d79b742-0872-4925-aad4-48371f130e90,product_837,11,343.44
10c9f8cc-b8bc-4066-a98c-ef2a52a504f6,product_838,57,19.52
2986f0d3-afcb-4afd-a959-e3903d04d9d8,product_839,95,624.45
4c1a9f71-4f1f-4e65-b720-079676560677,product_840,88,137.5
33e3de55-6f20-48ce-9807-fca473d275cf,product_841,36,414.78
36b64717-9674-49e3-89c8-f71a20633c0b,product_842,94,844.1
9fcc933c-452f-4830-b8e6-d80a52740da5,product_843,32,803.77
8703e5c6-d8f7-4b4d-8e60-33ee9f9e841e,product_844,16,959.82
b3bba9e2-28f1-473a-a820-432147f3a546,product_845,61,716.2
5f92d121-0bdf-491f-8947-cecad61b05ca,product_846,68,224.41
8d8fd28d-3d29-474e-b3b6-81335c978cee,product_847,64,280.08
61bc49fe-43a9-4931-8556-ea5c4a6246ac,product_848,70,384.57
61af98e7-e216-4f1e-ad5f-0d60bf3d3dea,product_849,36,972.89
a05f1c2d-5d55-4887-abeb-884d19964376,product_850,58,359.46
020f2db4-aeb6-4cd7-b6bc-d6827fa28bee,product_851,6,113.05
db14f2ae-98fe-49d5-8ed1-9652aa17e759,product_852,76,841.44
fb05bf0d-4ed7-45f7-a02d-4933dca47773,product_853,85,793.57
b21cd934-e4c3-49e4-b346-4d0de527231b,product_854,100,185.87
371b2f0a-3607-46e4-943b-7cd67ebc5da1,product_855,4,511.5
dd0da2b6-96d1-4019-a649-9ef4fbbd01d7,product_856,9,356.86
0d2f3661-ccaa-441d-8d6e-b4a40ade7e82,product_857,36,786.76
66536d7a-9d15-4bc8-b6ff-9d58c58e5f0e,product_858,23,83.63
c49046fd-c7fd-41d2-9860-071a8a9c750e,product_859,41,929.56
dddc826a-e216-4789-a4d9-ad17146b2c3a,product_860,72,956.27
ee88ed3f-4422-4c67-ac95-98bf8d56c4d8,product_861,2,166.24
087582b1-8c13-4475-8e1f-dd45d4f74b4c,product_862,60,509.34
ec6e69bf-409f-4a84-8da2-863b46323c2a,product_863,5,283.28
a9128a85-20b0-4f46-9e40-9ea7689dd19f,product_864,1,853.35
0aa4fb06-fed5-4844-9280-a3b055fd478d,product_865,80,52.49
0e99a14b-60e0-47ac-a9ab-b0950a6b1ba4,product_866,8,19.21
d6c82005-fa7a-453d-9c3c-112093ca9b67,product_867,16,319.74
0929da7c-abd2-4a88-96e2-697ec115edf0,product_868,43,478.38
6202c556-df6d-42b5-8699-a44706101d4d,product_869,53,372.47
c9d9d179-42d7-40ab-8c13-62fe686153ff,product_870,70,774.6
e889057d-7991-4ad3-a6de-1420dc6eb0c2,product_871,18,195.71
41416031-6db2-42b9-9cbe-cbca7b6b5249,product_872,15,623.82
3c832585-2246-4407-8a0b-091c792af096,product_873,21,597.85
955da522-f701-43d9-8ecc-475faf184d2e,product_874,51,845.41
992b975a-5f03-471e-b257-ee0472be9982,product_875,28,872.03
f761c31a-47e5-4f12-b3ad-ba408cdecc7c,product_876,38,475.64
3c9c5928-80c5-430a-8da5-4137f1b85df2,product_877,74,621.6
161463d9-c97d-4e1b-839f-2d0d8297c012,product_878,61,650.56
09d11829-d674-4429-aa9d-537d41a9bfd3,product_879,38,511.8
e74d77e2-e23e-47e0-a5e6-877c472a399b,product_880,11,493.38
143e9121-bc33-4eda-83cd-56d7cc5f2990,product_881,72,321.64
e57392bc-a933-4193-ab23-ce2883b22504,product_882,2,213.5
8913636d-5c76-4306-91f9-4d7a197bd860,product_883,20,729.67
43f779bc-cd0c-408b-8587-60364befda58,product_884,84,357.3
0feea850-07b2-4f1e-9053-39f68051a5c2,product_885,27,616.13
24c13a9e-e86d-42d0-a364-1b47aaebc8d7,product_886,58,610.44
cf3d73ef-5640-467f-aac7-f85f39a3c52c,product_887,45,782.99
e683b156-1c75-4b51-832c-dbd7e91afebd,product_888,48,492.91
ad759c92-5577-4c09-88a2-64e5830ab8af,product_889,97,675.33
1ab82315-dd8b-4772-8cd7-eca1f90f86a5,product_890,74,987.43
7ba440a9-8c31-49de-af76-743d9478dbb6,product_891,70,383.2
790a515f-3b72-4fd0-b260-c97e0ee557d7,product_892,36,322.14
d953d743-b75a-4f7a-b1e5-377ea6032932,product_893,81,629.17
ea3c610a-7ab2-4e96-b815-3974f19d6568,product_894,81,952.01
6023146c-5bb5-41ae-8197-eccdd54841f3,product_895,45,994.9
3c7a9bdb-b330-4f9a-b820-71a9ad83b78c,product_896,51,185.87
908feb9e-9861-4011-8318-11eacadcba42,product_897,93,481.89
b7ee87f9-4ce3-41b8-bc8e-4f40f34e683c,product_898,100,475.98
e75aca18-bf90-414c-993e-4f292fb77eb5,product_899,57,86.24
dc1fa85c-feb4-4d91-b80b-c2a995949afe,product_900,48,985.27
89ba6392-7e92-4f94-bf1e-8a400cf81ca7,product_901,96,166.68
75af0b96-6515-466f-b5d3-a5590a96a641,product_902,10,221.06
7edd9aa9-52a8-4c70-a39b-ddedb99f1b56,product_903,24,657.12
ac358edc-7ba6-4928-8ca7-b7129748753d,product_904,52,475.82
e35ce77b-1070-4ba2-b994-e46b4e7c1948,product_905,3,641.05
bbba0073-1053-40fa-b906-72797aaa6d7d,product_906,39,814.4
d60d00ae-6efb-4942-956f-9a024c97d063,product_907,15,855.58
14651fd8-d66c-4876-8771-0fc297034577,product_908,22,824.48
f8c428d2-28c1-476b-83e9-a13f42cae8dc,product_909,93,702.09
b2283eeb-27e8-40ae-8ee7-6e2b8991d077,product_910,3,911.94
f551ccac-d09c-472c-82da-d792735e60b9,product_911,36,811.79
90361050-0eaf-4761-bb3a-9f85bbe821dc,product_912,80,505.64
5816a720-ae5c-4ff0-b416-7f5ce286a725,product_913,1,459.29
8ce93a96-fb70-45d4-9c2d-59baa9becc1b,product_914,1,616.27
b4c3e9d7-9d7f-456a-ae7c-bfa08ac67ee7,product_915,63,539.98
b720b462-faaf-4311-920c-00e95d29e8f2,product_916,16,756.33
84d291b1-8f9a-4daa-b45e-3e696ed1f209,product_917,91,109.19
8e3c8471-81d6-485d-9474-f134de344556,product_918,75,474.75
85376b5a-0349-47ec-9324-700274dee6cb,product_919,96,747.71
add435d2-15af-4daa-880b-dc4829fa6c82,product_920,46,240.2
48efd221-2ff1-4ff5-905d-8faa3141ce45,product_921,86,999.08
e9f4fe01-ed19-4cd1-b734-28915e63de48,product_922,58,255.66
73e0f562-e2e9-455d-aa0e-0e8c5c933080,product_923,92,369.68
d74baaaf-c9de-45b4-af82-6a85ff8f8ce3,product_924,5,603.1
e0bb9037-0d2a-4774-8bf5-c516f939f1c3,product_925,23,922.81
66efae91-f489-40c3-9b3c-082dbb865373,product_926,57,203.62
a2edc536-f2ee-4a36-b26f-e8b7e74b5600,product_927,71,156.72
ea7259fb-d656-402e-aad4-3e16fd68b02c,product_928,88,256.46
dc981579-888a-4026-b160-e8914adbf097,product_929,4,115.55
3407a94a-2297-47ce-9836-940975562bf5,product_930,71,220.48
d60849e2-78da-4206-98c0-23f3db7acc94,product_931,28,810.61
6a8c1de5-c33d-4c5b-a784-aa79f1f86c03,product_932,21,27.22
bd98ae65-2bda-4a7c-82b2-9730b6f3467e,product_933,87,379.22
469f4d80-190f-4efd-bb28-1c602bb2fda8,product_934,100,125.72
c8836e1d-a628-49c5-9160-9df4e73de6d9,product_935,20,838.02
9c19d509-6e36-4e38-8b47-97c869211fb5,product_936,17,381.22
7ab29ab1-028e-4e80-a015-68c0e7659d6b,product_937,100,238.51
c6701c74-bc77-41d1-8265-09998c881d9a,product_938,74,795.17
12e0cad4-12bb-430a-aa9a-c4fa8c75bd6d,product_939,31,889.83
7505898b-c528-42e2-87e9-77c2a712d4ba,product_940,28,666.04
4e2dc9f5-4311-492f-90a3-676335253445,product_941,83,870.18
f3e1476f-5774-4906-8543-344338883d90,product_942,80,28.57
e3a0a68c-7b78-4247-a318-2af1b75d9b47,product_943,44,775.2
fa495291-048e-4489-bed7-5d1df22d8391,product_944,41,822.8
5695f177-b95e-4eb3-a209-410a51dc3f69,product_945,52,578.78
c0bd2848-7a13-4e80-a26e-ffa7f7154df3,product_946,85,224.04
b089dd0a-0fa2-4c36-a10d-9af1c8ba3826,product_947,20,260.77
d176a243-a427-449b-9615-4857b6a58680,product_948,62,976.96
0ad3c7b4-de22-4db1-9174-47e32019fbfd,product_949,99,553.77
5028c211-26c6-441c-951a-2017c5b2fc0e,product_950,68,278.18
3784d7b7-e128-4cf3-9f38-72fce8bf3e91,product_951,34,899.95
eb27ae38-c784-4891-92c7-afadf42c6748,product_952,47,60.76
c072e88f-98a3-40ab-a6a9-523d6e6976ed,product_953,92,46.79
5c53e696-1875-4a8e-bcf2-2312f9b6efef,product_954,65,444.39
9d560b49-180f-4e4b-9ff4-7fb44deb6594,product_955,30,908.7
aaa08590-aedf-4246-9bbf-408880871faa,product_956,72,176.75
2a10634e-33a8-43e3-b0e3-0e53caabbc44,product_957,78,929.19
96077339-74d6-4edd-b549-75bead3de0d6,product_958,13,700.82
b606468a-71ff-43ad-b3b9-8cef748eb9be,product_959,75,201.27
914a55b8-e094-4091-a6bc-114c153c7b4f,product_960,14,828.15
d25a2098-c363-4739-99bf-d84df61864a5,product_961,82,703.27
7895808e-eb86-4cdf-9c8c-4876b761ab1d,product_962,15,196.87
32ea1789-281c-44bb-8535-507e7dc33e6e,product_963,52,393.66
f82be16a-414c-48a4-a437-94fe25c4d665,product_964,19,327.88
58e0b0cd-16c9-47cc-a9a6-11b5000a289f,product_965,38,660.18
77ce77d8-8576-4749-a9fe-bfdc3a01f9ea,product_966,89,90.45
3b18293f-01b8-4f98-94c2-990ea680ed08,product_967,19,198.76
23b2f175-eaac-4aa4-8a8c-9858ae7f7059,product_968,48,705.9
c8ae0be7-1096-4abd-a417-f147e225b1aa,product_969,2,862.53
05f7bedb-fa52-4d26-9888-26d394809a21,product_970,94,708.17
1231997f-807c-4d44-ad81-22971e15e80d,product_971,56,664.34
c15700ae-ef9d-4c37-b1e8-3ba06f6be6cf,product_972,55,245.29
fe658a38-8496-4ed3-a9e3-c84274b3dd64,product_973,44,683.59
d846ea6b-3c5c-4cd8-bb52-f660353c59aa,product_974,4,465.25
6da5d3b9-eca8-40e8-886a-c273bb8baf44,product_975,17,800.22
4e567b33-1063-4b06-8f74-ed7aaefcbed8,product_976,96,766.72
8b3365ef-ea0d-403f-bd5f-8c672080ae9b,product_977,91,901.28
30c0449d-9118-471e-9765-145611c9b67b,product_978,85,878.24
6047367e-ee74-459e-b56e-97c7e8f694fb,product_979,52,190.51
5202ec88-6bf7-4774-9d75-6229536fbb58,product_980,54,528.52
0ace7696-3c45-491c-8b2c-7fcf7b9513ea,product_981,43,110.67
ff44126a-4c1c-489c-b6be-66610f641411,product_982,27,464.84
6a967da3-eb1e-48da-ae08-bc18061defa3,product_983,40,735.41
5deaa966-6837-49a7-8679-8f332358adb6,product_984,69,858.91
35bdd76d-b210-4a89-9096-2154d589be85,product_985,42,667.61
b16d7c9c-d4b9-4cde-9218-e997e6e371c6,product_986,47,457.38
a366f4cb-5885-4aca-918d-f33cdcf56289,product_987,41,137.93
326117bd-ccdf-406c-91b0-9b5c38211511,product_988,31,644.38
bb686282-c8ee-4461-b1d5-0e2ab9c09ab1,product_989,85,814.14
3078f6f3-8c89-49e6-bacd-793a03131b45,product_990,50,888.38
55f9b3d4-6586-447b-8e36-f549ad70801b,product_991,76,108.94
a7dacd60-9cc0-4eb1-8089-cad82c6ef63e,product_992,11,795.48
9b049676-eeb2-478a-ad21-23022cce42af,product_993,36,602.68
36352a24-766d-4fdb-85ea-3e9b1dfd9888,product_994,94,587.52
d0e0b4d4-01ed-4b82-bcc7-fbc052a75307,product_995,33,393.86
625e5533-ac0a-4e32-b096-5e306368b99b,product_996,9,643.47
6e7555dc-3f46-48d1-9837-9f5ac004f293,product_997,30,642.73
21c06db3-b850-4fdf-98e7-e1b55110155b,product_998,49,802.23
7a31e545-72b9-47dc-8d94-d4d4495cfe45,product_999,14,157.89
f7ee1635-a9ca-4edb-a855-f9541722f994,product_1000,52,368.89
