uuid,name,phone,x,y
4ba5310f-4563-47f2-8761-cee947ee9f80,Edward Thomas,710.838.0676x0639,-49.2479937,-16.6133012
fe1f07c6-053a-459a-84d0-bc228885cbf3,Barry Taylor,+1-261-323-6314,-49.2976967,-16.6238718
edc221e4-3a62-4c04-82f8-ea3f48e0c1ee,Valerie Soto,374-452-9364x2139,-49.2537145,-16.6280418
2b439883-0aa5-4001-b0c1-41bf730fae9f,Kristen Schmidt,001-581-974-7743x826,-49.2376046,-16.6290377
b99a3c89-8cd1-4e16-8590-d864ada9aa93,Sarah Mann,261-941-3179x4226,-49.2988297,-16.616816
e858b434-d4c9-48e9-aa8b-850c25ac55ba,Michelle Morales,7359494046,-49.2704489,-16.6015179
e6f14b6a-b904-43bd-8404-2f6b68355b64,Rebecca Chambers,367-261-3987,-49.2516322,-16.6166214
44ff1d29-f4df-4a45-88ea-d9951d27a8db,Travis Scott,424.913.9047,-49.266327,-16.6361919
c8639acf-47b3-4165-af05-bccb15b7e20e,Dawn Miller,488.755.9974,-49.2524032,-16.6212383
7b8f8097-2402-431a-b09b-905a83530cd5,Brian Boyer,001-289-288-5374x771,-49.2996906,-16.6162927
6781a9ab-424d-4e28-af72-a8e6382fa012,Stephanie Lee,667.620.1161,-49.2693063,-16.6344347
f5c3bfad-16ca-4c53-a350-50d721323ac1,Gregory Hernandez,(583)945-5736x5767,-49.2559577,-16.6052435
a4a145ae-f2fd-45d1-9042-b23ec767b264,Albert Torres,+1-673-252-0648x18125,-49.2942649,-16.6339057
0c0a80d2-d6ee-487c-854f-bdd4be0a088b,Ryan Garcia,733.876.3292,-49.2600354,-16.5865598
cc1c49e4-6919-4a56-ae66-0b4ff90537a9,Tommy Robles,(624)918-3979,-49.2542031,-16.631655
8e867df5-3a44-4a30-913c-8d9f4f7b390f,Austin Michael,953-734-0278x0906,-49.2675437,-16.6080439
db376676-b151-483a-a1f4-435daa5255a5,Cynthia Woods,769-757-8363x84124,-49.2862629,-16.6160605
44850d7b-1058-4977-8882-3584fa27cec1,Dennis Bush,+1-354-992-5672x644,-49.242534,-16.6092884
9055e819-5352-4499-bd43-46f749682cc2,Laurie Guzman DDS,(957)770-9613,-49.2535569,-16.6326828
fd127003-176c-404c-b3a8-0ae1ed1ba2cf,Jennifer Turner,(875)496-0112,-49.2669649,-16.5912304
4a709fbc-431c-4b81-8821-c7b5e3821e29,Christopher Richardson,+1-736-499-7717x98068,-49.2781858,-16.5689863
ad678837-5b73-4279-83bc-b2ca80af53db,Victoria Bush,(295)891-9207x395,-49.2919968,-16.6387852
42be2860-73af-4b16-bb66-6e2d7dd0401b,Vincent Pearson,4505814998,-49.2279813,-16.6090953
46abbbdd-4394-4a2c-8e09-b5e7112746d2,Michael Murphy,949-637-1855,-49.2497765,-16.6167078
2f6db98e-507d-417f-a397-ead9b59b5f40,Jennifer Fischer,+1-415-971-3563x568,-49.2861202,-16.6382607
a7e73bee-90e9-4d81-911a-26d562ce133f,Danielle Marquez,001-222-293-9761x57511,-49.2808565,-16.5744007
75123b98-8874-4799-98ea-29d5581f4810,Ricky Gonzales,567-736-0827x91675,-49.2655139,-16.5937224
54286609-658a-4dde-b015-472584730f5b,Jasmine English,543.469.8263x65272,-49.294583,-16.6156943
79bb613e-0d49-4a58-8b60-3c7db3127927,Kathryn Howe,+1-241-622-5517,-49.2782076,-16.6095495
d52fe07a-84e0-4253-aaaa-337f0f91b169,William Jensen,486.303.0189x1048,-49.2901819,-16.5681018
051caf00-bff4-4533-ae7e-8d22de483880,Kathryn Wilson,(612)785-3496x699,-49.2682469,-16.6370216
c10cb41a-540a-4f56-afc2-c9a90137b3e2,Katherine Henderson PhD,001-662-460-3350,-49.2716257,-16.5956389
bd43786c-f5f1-4adc-b494-5ba14caac706,Linda Beard,(636)770-4232x64511,-49.2421967,-16.6224409
69034cf8-9992-4a18-9f59-b9ec1a6c2185,Donna Hester,001-546-986-9339x144,-49.2407155,-16.6115853
64593822-02f5-43ce-9849-f1c235e8c43c,Mary Santiago,(347)636-9354x97264,-49.300853,-16.6392143
c19a2f21-cb4d-43db-9ba5-129ef1f20b5f,Lindsey Graham,001-505-442-8112x3742,-49.2598636,-16.5917011
8f8a883a-1a49-4634-ae7c-38f6bb838f5b,Aaron Murray,(482)751-8890x5244,-49.2486926,-16.6145614
3fde858e-4924-4591-ba14-7e322aef932a,Joseph Wagner,001-820-203-3440x042,-49.2439961,-16.6094853
e8772e11-7684-49da-af0d-97a241a4c83c,Shane Bell,7862299476,-49.2773549,-16.5987256
d7c3c85a-992d-4b5a-84fc-52d1e8aec7c8,Scott Robbins,354.967.4142x727,-49.2965632,-16.6088409
dcca38ce-7e73-43a3-93b3-38f7897f84fe,Destiny Meyers,001-824-690-1945x9542,-49.2959389,-16.6351344
ddea1266-38f0-44eb-ab10-3151f5bd0891,Brent Davis,+1-504-813-8829,-49.2827449,-16.6379367
5bc34ab2-1bd4-490a-b1ae-8ccfa18ab946,Donald Romero,740-623-4063,-49.2490068,-16.6135772
0714aff4-dfe2-461a-9181-f7c3a053a2d8,James Stone,231-298-7212,-49.2485435,-16.6296931
f962693c-484e-4bf0-8782-fda8afc35243,Angela Tanner,608.306.3556x4569,-49.270389,-16.6149042
c414a582-24f1-43c2-a842-105117796659,Megan Pratt,+1-663-362-9052,-49.2807236,-16.6354871
e4c344fe-0811-4395-aa97-f6675efd71dc,Ashley Raymond,001-227-259-0528x54397,-49.2556677,-16.6189705
7a8ec175-f86b-40e3-a653-69c5feeb7b2f,Ashlee Shepard,001-493-344-4393x4536,-49.253847,-16.6156416
f4935a2a-d0d6-4e6a-b224-7908eeddf2dc,Juan Nguyen,211-729-6054x521,-49.2774814,-16.5714323
6734758c-2a3f-4664-9bfc-4f36409742a3,Emily Everett,001-574-223-7676,-49.2544725,-16.6049317
7dc09b81-8c82-45c9-974c-e73b4136686c,William Valdez,(242)425-6427,-49.2721717,-16.593871
9b9960e7-bef7-41a6-be13-34dbbe8378ef,Charles Wall,886.623.7473x0721,-49.2472335,-16.6256624
f4291039-f004-4404-b3ee-a4fc0ba796d0,Terri Anderson,001-267-902-1568x925,-49.239879,-16.6126397
50106a05-6a9c-40b4-99f7-32fdb9225d33,Laura Yu,001-658-720-6938x78854,-49.2869811,-16.6226479
54643463-31ad-4871-adce-60e2d05c1a2c,Thomas Rodriguez,001-280-381-2385x8773,-49.2932231,-16.6160864
ef397f5a-afab-4f8f-9ce9-4259976e6a3d,Veronica Ramsey,300-502-1544x447,-49.2362599,-16.6364284
6a24ccf3-ce19-4ad7-8a1f-de10a59a01ed,Mark Weaver,554-719-7580x678,-49.274047,-16.638361
e8654b64-d91b-418e-b59f-b2314f08c03d,Joseph Smith,+1-939-939-2969,-49.2640009,-16.6044066
54bdff82-ebbb-47f3-abad-d4a10ae2de69,Joseph Houston,9742658637,-49.2440254,-16.5959772
8b17ac79-df17-4d91-8ca2-7f2b126f5cbc,Ryan Ruiz,207.768.4350x09274,-49.2863776,-16.6213736
8c01209c-5343-47f2-afa4-d19889fc5b97,Elizabeth Martin,652.631.2716x1323,-49.2446331,-16.6187572
76f0aa50-1fce-4c9c-bd3d-4f51e9f344fe,Bryan Bernard,791-226-3410,-49.2539848,-16.6249454
0ed0b31a-fd55-4417-8f0f-31731105ff1e,Lisa Chavez,606-505-1400,-49.2568778,-16.5955925
6e6ba4c4-9b71-4760-b229-5c1bf141aa9d,Susan Odonnell,+1-350-999-3027x5926,-49.2394546,-16.6366068
13eac5b1-b346-496c-86d8-f71ee999f467,Patrick Cole,958.589.1814,-49.2764348,-16.5696178
86603952-50a1-4b8d-bef0-5806528cd904,Jessica Zamora,+1-466-466-1524,-49.2832034,-16.6343405
0b532fb1-5fb5-450b-a01c-96aa0b4b2917,Mitchell Peterson,(818)802-4621,-49.2709098,-16.6391294
6a74df1b-4716-4486-81b8-cf59b35cc19f,Cynthia Fletcher,(913)532-0377x015,-49.2707554,-16.6327282
2655f0fc-29e8-402d-a210-f850c3d4a3e0,Jeremy Duke,+1-206-698-6911x170,-49.2538667,-16.5997077
4f9bf93b-c4bb-4e27-985f-11ef16d179cd,Kyle Barr,411.436.9213,-49.2578289,-16.5989763
b766787e-faff-4436-85c9-b24f32b34355,Kristen Robbins,(340)294-0124,-49.267424,-16.6033202
1560bd58-2e32-4b11-a382-e2d7c011aa4b,Ariana Williams,881.868.4257x455,-49.2690285,-16.616347
83f22927-a903-4620-b4c3-187ef556dea1,Rhonda Stout,(852)476-0722x4492,-49.2675084,-16.6177262
e65622b4-b0b7-4bef-a0e6-49e07533d5e0,Michael Gallagher,903.753.7545,-49.2358998,-16.626774
f1ef3449-7d13-424c-8257-ea3f33326869,Robert Butler,201-763-5954x0625,-49.2988814,-16.6159936
d25762bc-83c2-4ddb-abca-3b9ef489ae46,Erica Navarro,001-319-233-9501x9480,-49.2949895,-16.6059758
723fe713-67c9-475a-85d9-44670150ee3c,Robert Kim,260-775-4582x417,-49.2843646,-16.624412
12e45292-faea-4f22-900b-0e860cdd748f,Crystal Choi,001-642-869-2633x7465,-49.2563012,-16.6047808
63968f75-faae-4904-8b25-ad0fc424056a,Kimberly Oconnor,+1-260-442-9188x3727,-49.2861265,-16.5681149
fb5d9112-755e-4fe5-b4c8-11b026a5c151,Kathryn Mcgrath,475-396-8117x82053,-49.2835605,-16.6170686
12da5c2d-0ade-4ec0-9eb6-c0a3b59d2ebc,Brian Palmer,(638)735-4810x13008,-49.2887781,-16.6223602
fe133ae3-7feb-4b4e-b592-7da1551a4876,Aaron Mccullough,(890)227-5053x5426,-49.2500082,-16.6277502
5fdfaaa8-c3cd-4b0d-955f-522cabe2c156,Becky Young,(879)473-0085,-49.2468639,-16.6182076
f241ec4a-1c18-4e89-adc5-45ec6d17dfe3,Carl Cox,(435)751-3312,-49.2566113,-16.6094494
954a18c4-9cfd-47a1-8f49-a9454c89ecca,Peggy Kelly,4222594265,-49.2752866,-16.6083901
752fbf26-96c1-4409-838e-d575bad74fa9,Stephanie Lee,2945770550,-49.2849119,-16.6260875
97312b77-8c31-4818-a431-d9b2c7e9afdc,Beth Miller,978.775.3659x5445,-49.2555153,-16.6035876
90c97fbb-93c2-4b8b-a53a-fde1d2017c1b,Brian Barber,681-627-1327x19498,-49.2709098,-16.6391294
bd450089-9d08-4da5-8e5b-625e055baa5a,Allen Norton,001-524-246-6837,-49.2572153,-16.5951311
e62bb322-7591-4ce7-a586-0823253117f6,Lauren Garcia,+1-304-503-7200x3100,-49.2643681,-16.5912509
e0a18859-652e-42ad-a2b3-861f0ad57716,Robert Moreno,001-816-746-6622,-49.2616676,-16.5849988
14ae2f7c-5f6f-4d29-9876-73366e537678,Ryan Olson,3447676478,-49.2738063,-16.629125
a4adef0a-b71a-4f67-912c-f134f68a9e7e,Nathan Pollard,001-768-715-4006x750,-49.2537405,-16.6156479
52a27ce6-08e9-4dab-a344-7c8eeea3a37e,Micheal Salinas,471.351.3635x9395,-49.2537276,-16.6154932
de30e610-dfc8-40e2-a8ad-96ca527243f8,Alex Jenkins,+1-666-200-5649x110,-49.2966428,-16.6352609
f0f2bd47-ae47-4857-9e51-3a163037b73d,John Williams,9977595367,-49.2988814,-16.6159936
ffd51ba1-80a4-413e-ba37-6376639a65be,Vincent Hayes,508-919-8108,-49.2474855,-16.6234656
2c80c0a2-58c4-4707-a0f6-289c0c84486a,Wendy Castro,(223)356-6178,-49.2787332,-16.6362727
6290f7f4-4a1e-45d8-863b-6193ab06a7da,Bryan Romero,284.736.9495x8042,-49.2625033,-16.5838387
5202e919-e893-4c1e-b415-9c19805ffb6c,Daniel Robertson,(415)503-8269x66560,-49.2440437,-16.5819123
74211d2a-6948-4b89-aa9d-fc1d41e1dd86,Daniel Johnson,770.445.5481x39379,-49.2366972,-16.621903
6221d4c7-c814-45a2-88e5-07d168bcf530,Valerie Cardenas,241.250.2558,-49.2601676,-16.5845747
03496b64-ccfe-4df9-a251-e55568213a7c,Christine Davis,+1-468-388-6644,-49.2810906,-16.619638
d309d2f0-5f80-4246-b4c6-bd47be971685,Bryan Franco,9914851072,-49.2603418,-16.5838364
32130acd-8852-4ce1-a174-43843c4abf2d,Anthony Hester,001-701-943-4121,-49.2604018,-16.5993374
d281d57e-0db9-4b04-8d97-7efab3436398,Michael Nelson,648.339.7554,-49.2525341,-16.6372699
daf05b7b-ddc2-49d0-ac53-89cef7bcc557,Peter Tate,4409028341,-49.3000513,-16.6254175
d5eaa304-c380-4193-bac5-8447bffd0eb9,Harold Watson,(895)995-9734,-49.3025603,-16.6252244
04fe4a32-607e-40b5-b831-997b6f3608a4,Amy Jackson,+1-819-291-5909,-49.2515468,-16.6195413
25b8c3e4-16f4-4bd6-a047-36182aae10e6,James Hicks,977.540.3901x95750,-49.2676915,-16.6032458
9884bd66-8255-4877-aa13-8633f86a9fc9,Jonathan Cook,+1-425-650-9725x94608,-49.2774433,-16.6219686
1876b27b-9487-4fac-94cf-fb0a29c8e868,Alexis Hicks,879.378.6000x5278,-49.2612789,-16.5838539
f86b5309-fdb9-4595-a99f-4a4f24ac1ff9,Vanessa Garner,(833)485-9783x97442,-49.2608041,-16.589932
fb98ea30-9d5a-40d5-a451-dcb1cdd5f39f,Laura Calderon,001-901-498-4510x0412,-49.3008041,-16.6262941
38203403-4406-4d97-a615-bf384aa2fb20,Gina Wilson,7978828233,-49.2830785,-16.6201067
5a3220ed-6630-4590-a776-e0f1fb73837e,Katherine Edwards,806-649-4920x577,-49.2972646,-16.6053342
85037d21-a35d-4cad-bbe4-97bda46f8d6c,Mary Nielsen,449-676-2725x86056,-49.2457748,-16.623818
140ae8a9-70df-4e85-a473-e24224e417b7,Stephanie Dixon,646.669.3837x30423,-49.2541041,-16.6310155
c55d41bb-516b-48f0-810c-b488a4d981ff,Courtney Irwin,+1-860-337-8813x1586,-49.2809068,-16.6356408
b83ea5cf-0560-4150-9e0b-a84c7b7cf7aa,Jennifer Parker,(609)495-1493x1783,-49.2957619,-16.6393284
2364719f-ca80-458b-a07f-94c3faac838d,David Norton,479.671.4695x9355,-49.2564261,-16.6098376
8ca1f71c-6673-421e-8424-9e8d4502f2fd,Kelly Hawkins,5228136132,-49.2491161,-16.608608
092fa53e-7997-4fe9-b25a-857e54446e35,Robert Campbell,889.310.6261,-49.2513743,-16.6120455
16e03119-98eb-40ab-9207-6337d28042de,Matthew Ortiz,+1-453-431-9521x0922,-49.2908534,-16.6384746
20ddcd78-eb87-42b7-8a91-9d5afd37a822,Christina Norris,718.675.9044x8091,-49.2482212,-16.6255466
f49bf0db-ab61-49bf-8dea-a61ecdbbd9dd,Rachael Hughes,386.894.7021x7220,-49.296814,-16.6130186
379fc63f-6177-4e5c-8a02-dee4f98a7077,Christopher Potter,+1-886-204-9704x9780,-49.2927984,-16.5946495
64c80c56-7c6c-491b-84c0-6304ef75cd35,Erik Berry,793-914-9630,-49.2509573,-16.6163468
cb118c16-1932-4b87-b721-8450313b8396,Kaitlyn Ellis,281-416-4923x2380,-49.2350149,-16.6364437
d67a7b30-51ba-4da2-9de2-9677189622fb,Barbara Richardson,282.301.2145x885,-49.2695183,-16.59691
4e1b9448-0f0f-46fd-adfb-247c5ef2bae2,Joshua Martin,416-915-5073x312,-49.2678011,-16.5795972
1239259f-22c5-443e-9649-3e832b734e96,Jessica Oliver,4988182255,-49.2790281,-16.636465
e83388c0-e7b1-49cd-978d-8aad77bf2992,Stephanie Whitney,(396)627-4467,-49.2958527,-16.6157201
599d925e-5462-4f7f-bf15-17bbf2bf608f,Vincent Hanson,450.215.3908,-49.2490068,-16.6135772
adbdba41-803c-49a1-b9fb-1be3292e7743,Andrew Jimenez II,+1-973-347-1166x62763,-49.2288405,-16.6347925
0458aa72-a954-4831-bab6-753dccd40295,Timothy Dean,4542160950,-49.2665345,-16.5939534
6d18c60e-885b-4e3e-adb1-57504d13a8c6,Joshua Green,001-908-621-3816x612,-49.2950251,-16.6362148
81017b41-adbf-4a81-be9f-093966ffb985,Donna Watts,905-929-8394x5043,-49.2672256,-16.598602
dd82b10d-85a5-4c91-97ec-ed32e7e2a9ba,David Sanford,440.649.5736x155,-49.2764348,-16.5696178
4789a949-7929-499a-9333-42bf54c3d85e,Eric Mason,566.417.1456,-49.2904808,-16.6354555
2125293f-6cac-4db3-b459-5058b3734808,Jeffrey Bowman,(377)834-9722x6358,-49.2643098,-16.6043111
4b96986e-fe42-4761-9a22-77a42812a697,Albert Wood,771.894.6628,-49.2545033,-16.6287858
af1da15a-101b-483f-90ed-6ac9fb27d6f8,Brian Rodriguez,721.247.2855x192,-49.2734717,-16.6386059
788d1fc2-f444-467d-b913-899cfeef241c,Brittany Stevenson,463.561.4425x4076,-49.3006806,-16.570729
63414d1c-39fa-4d54-8f2d-3d0c4a2b766a,Morgan White,(833)499-7948,-49.2514532,-16.6172196
16f2bff2-f366-466a-997d-aaa324e68a72,Lauren Ryan,(660)717-0704x7872,-49.2670631,-16.5976382
e21a8e1a-1d4b-40c8-9954-3c1d125cb387,Veronica Russell,(325)201-0862,-49.297008,-16.637841
3bcd2e67-0f7c-45d7-84e0-ad1ffcee777e,Shelly Morgan PhD,870-336-8347x507,-49.2486244,-16.6169306
6b96163e-104d-407f-b26b-ae24f62d28c2,David Shah,(715)983-0731,-49.2564261,-16.6098376
d40f968e-6989-4899-b528-f1d390c11660,Danielle Rodriguez,+1-373-703-0734,-49.2841904,-16.6161778
00de9034-d9b0-4bf4-82e2-bcfd8003b0ad,David Hodge,(442)710-5224,-49.293647,-16.626261
edc969f4-9c46-463c-88d3-53799427bd6f,Adam Turner,4326992287,-49.2564571,-16.6189245
46c005c2-3e13-4442-ad13-34a3c1471620,Amanda Fowler,+1-426-450-2012x145,-49.2925773,-16.5807578
b58e1428-b5ab-4ab8-912c-868a2d174097,Nicholas Stafford,426.204.5776,-49.2897122,-16.6316459
6d35a562-d408-4d39-b37b-d83d278c632a,Deborah Taylor,969.793.6856x7382,-49.2690129,-16.6379752
2df265eb-2275-4c8c-b551-d05cba65e353,Rachel Cooper,876-699-6474,-49.2501325,-16.627586
dcc1c1b6-4363-474c-8aad-8b2a3ced0f1c,Michael Johnson,001-704-849-9655x5189,-49.2975537,-16.6153115
10281ae5-a3da-4541-8c8f-6f17837291a8,George Hughes,890-382-6251x022,-49.2707495,-16.5891496
0c5f368d-334d-414c-bff4-cd3d423ce0c9,Robert Vargas,+1-530-832-2676x4763,-49.2843986,-16.626263
82ecf157-9034-4bf2-bd79-cee6c60b8487,Deborah Bean,791-822-8445x150,-49.2512802,-16.6034332
56ca1fbd-e026-4eef-9ce1-287884a9e054,Diana Randall,2253415660,-49.2505887,-16.635676
ecee024a-35cd-4abb-a83f-478968ad86ca,Dominique Hall,204-815-5375x745,-49.285915,-16.6382065
63c225d2-eff9-4f04-ac25-ea387b3cf661,Jared Howard,328-213-6220x258,-49.2523601,-16.6213795
aeb1b27e-aecb-4a3a-a6fd-27e1184a1aa8,Jessica Smith,001-288-465-4511x810,-49.2961645,-16.6142613
45b30b85-c844-4b9d-b9e8-f9ba3a4308f2,Mary Little,(442)206-0575,-49.2877351,-16.6288818
3ebc8ed5-3ada-4a0b-8f4c-1e09dbb72c37,David Walters,001-767-511-6984x481,-49.2616856,-16.5976514
b2ff0ac8-2bdf-4094-aeab-202aedcf5c96,Brandon Day,(785)504-4722x29754,-49.2677027,-16.5918103
fbf79482-fb69-4e30-a923-a0fb7ac1e5db,Henry Johnson,+1-321-577-8830x62023,-49.2505844,-16.6303515
87b39193-5bc2-4703-8cfb-0f5d12f3e4c4,Anita Prince,933-480-8152x83872,-49.2439961,-16.6094853
25382988-98dd-46f7-9c7c-094ee1045243,Michelle Jackson,001-419-792-2769x122,-49.2933418,-16.6365735
d5e01728-91a8-4968-8bc8-087858150a71,Brett Kidd,622.286.3379x27583,-49.250625,-16.6041205
30bc1d60-d790-4f48-8df0-59adfc11d050,Donald Baldwin,(464)903-3923x071,-49.2849413,-16.6288178
ab6976f3-5435-41f2-9563-0454dee75074,Shelby Sherman,001-954-320-1671x513,-49.2537799,-16.6349156
d7c6b347-7df5-42bc-b989-b1fd0278c907,Sean Wade,806.917.3484x85597,-49.2966374,-16.5681477
fe26c4b7-f1a3-4cd2-b946-fae1b28e7cf9,Suzanne Taylor,337-904-6716x90637,-49.2300421,-16.6357164
51c05d58-a9ec-4d1f-a27e-a0bc25b0ed76,Tyler Scott,+1-932-804-0830,-49.2479605,-16.5985653
502aea97-b7df-4bad-9f04-bb70456e7c33,Roger Diaz,001-285-380-9098x9790,-49.3022299,-16.5729938
41aed93d-678d-42e1-852b-e88e2c6875b4,Amy Roman,811-916-0046x580,-49.3008873,-16.6347913
504a6026-9086-49c8-a5cd-02210e7d4d3e,Jasmine Davis,(730)203-8010,-49.2360983,-16.6270233
eada83b5-00c7-475d-9814-d1ed08048a92,George Blackburn,697-236-5454x279,-49.2777029,-16.5988959
4e20a947-5ab3-42ef-953c-8547315abc89,Robert Anderson,(576)528-8178,-49.2588394,-16.5930635
0f9d4593-3af2-4c70-8b0b-99a2cdf5bcfd,Susan Russell,939.402.5727x68670,-49.2451024,-16.6248506
cfe7d3f7-174b-4827-8c39-8eb6da9d590d,Joyce Perez,(742)600-9726x288,-49.2390536,-16.6393395
f16dd0a9-a049-4a21-9845-8e1d6739acae,Darin Brooks,+1-646-514-1195,-49.2908506,-16.6160703
3722b339-6fa5-4553-b17b-607a5a5cf4a2,Jim Wilson,494-959-6973x504,-49.2714048,-16.6392769
5925c16a-be89-42f2-abc1-44e7f114d32b,Kara Thompson,(883)613-0608x16598,-49.2296059,-16.6347566
49746c64-8d2b-4385-aa26-db28382d4ef1,Isabel Hale,001-994-881-0584x02671,-49.252748,-16.6097252
4c306c68-78d1-47f1-b065-1d3113c230f9,Michelle Dickerson,001-368-835-3689,-49.2453501,-16.6186816
4915033f-7bbc-41ad-9fd5-79061e68f9d0,Daniel Fisher,+1-971-320-9938x62513,-49.2318532,-16.630992
3ae39e22-ebae-49d0-b3da-2c781c5b612b,Matthew Johnson,807-701-2222,-49.2895936,-16.6322943
b5200d75-2851-4585-b12d-5cab44803077,Patricia Douglas,(221)967-1221x28863,-49.2743898,-16.6344114
494fc110-fe31-487e-95ed-2fe6d039ab64,Nancy Wolfe,541.496.4382x81503,-49.2843496,-16.5680757
2e3200a5-4360-4133-8460-442fa577b177,Robert Campos,001-426-557-9249x2251,-49.294263,-16.6062144
0bd63060-12ad-4b96-9a3a-88ad0c0a52b1,Lindsay Joyce,322.515.2113,-49.2660132,-16.5778043
c3c26f00-7d4c-48cd-8279-db4d2c2a822d,Krista Sheppard,+1-482-986-2308,-49.2901819,-16.5681018
2bb2542a-04d1-4978-8c87-5bc58a94e6d0,Thomas Valencia,001-928-569-7263,-49.2561953,-16.5829263
01002599-68de-4043-9979-cebb543027ef,Melissa Guzman,(270)624-5197x355,-49.2358427,-16.6335263
a8eab201-993a-4859-bb09-c354490c1e63,Jacqueline Delgado,904.615.2353x298,-49.2377449,-16.6185191
be45b801-d7c0-4a67-ab3e-71181d820304,Mathew Ramirez DVM,001-484-966-7197x95604,-49.2362653,-16.6209237
7289a149-6f15-4b55-92c1-4bb42c014825,Phillip King,001-430-961-3347x563,-49.257288,-16.5951834
36d3a7aa-19c3-460e-b000-e21dfc2e7ab6,Tina Kim,513-471-0659x237,-49.2585839,-16.5974448
7b7fe4d0-19dd-4def-8f6a-e1e68d5b3c83,Robert Williams,497.621.1143,-49.2609731,-16.5901344
fdb5f0ce-546d-47de-a912-cd74bad3f375,Martin Williams,+1-957-700-6170x8698,-49.2538626,-16.6278479
2db8fc9e-9224-4bd6-a8cb-db469f4ff5d5,Andrea Montgomery,+1-411-758-3147x431,-49.2645551,-16.5793488
958cb74a-de91-4161-b73c-0576926ce6af,Caitlin Nichols,(655)226-9475x600,-49.2542479,-16.6162905
0e535948-443d-4f2a-8dc2-456c35001958,Melanie Foley,+1-276-732-3370,-49.3006806,-16.570729
3f33751c-56e2-48f0-bd92-7afcacfd2869,Lisa Mitchell,214.984.4808x0238,-49.2961164,-16.6127661
7edf517d-270d-4278-baaa-f87515eb189d,Jordan Jones,+1-247-227-9770,-49.2682029,-16.5798904
44f9405e-5840-4650-8e4d-4a2ecffcc8fe,Lisa Ortiz,(300)205-9758x47197,-49.2890054,-16.6135916
c24ff1fb-c2e5-4984-a86b-0b75e9c2c2d2,Bryan Holmes,(820)612-8424x41646,-49.2537757,-16.6154735
6d0c8259-187b-45ca-83f1-4ee703d34e7f,Cindy Gonzalez,450.208.5509x41658,-49.2997567,-16.6125689
fe30dd4c-0025-4bc7-8c7d-4abc62372347,Justin Larson,(413)450-1871x9342,-49.2559619,-16.6221656
00c29c07-384b-4b50-ac05-d733b5c7f984,Daisy White,(256)726-9796x41229,-49.2950251,-16.6362148
cd82d9ac-0be8-4b10-ae1c-5f3b5634656d,Jose Barton,638-437-0407x695,-49.2540273,-16.6381093
fa3b7efa-867b-49ff-a9ca-6916b7934a38,Joseph Bailey,281-551-8713x8123,-49.2655388,-16.626856
b8b261f8-9c33-4a3c-9bff-7532cf213af5,James Palmer,+1-572-246-5382x53576,-49.2961233,-16.6060612
d35b9f44-9fb0-4a59-bfe3-81b255cf5224,Paula Reyes,695.707.7454x85721,-49.2670797,-16.5856546
fda6f0e8-7046-4cbd-94b8-c6c5e04a6e8c,Brian Williams,3407121328,-49.2514722,-16.6316041
60c2a1f3-7173-4935-82bc-b6a4ee6474f7,Vincent Rios,410.907.0464x6017,-49.2601676,-16.5845747
ffbb23d5-a1ef-402e-a29b-8e7ccf108528,Brian Alexander,001-331-967-9445,-49.2433066,-16.637635
42f8f03a-885b-4c03-9b1e-53ffe906278a,Donna Howard,001-421-452-5636x997,-49.2571679,-16.5934113
fdddf8df-0972-4f62-bd73-35bcfae9add5,Dan Flynn,+1-294-841-9497x8171,-49.2484213,-16.6073836
489b41ec-9f66-4f30-aa26-173a73e993ae,Timothy Schneider,842-552-5825x775,-49.2878025,-16.6187765
76d47647-e71f-45e7-8a0f-2b7ed6762be9,Michael Martinez,713.399.6312x8163,-49.2516727,-16.628915
cc659bc5-811f-4d22-9b49-b12d3cb42b72,Rebecca Knight,+1-485-911-7859x83557,-49.2424054,-16.6190551
2176a82d-d52a-495f-b969-bba7e964d578,Theresa Newman,001-699-475-2631,-49.2512802,-16.6034332
35b060a5-bc97-48da-9dbf-a41d8c037683,Victoria Perez,865-381-7610,-49.2534714,-16.6327566
8240e776-3b7c-4eab-b57a-d8f0c601c6b8,Samantha Watts,460-946-0532x18677,-49.2490093,-16.606406
68a6affd-ccb0-4fdb-82a1-40ec2d4d6f7b,Jennifer Graves,462-290-0125x543,-49.2751442,-16.6278981
18dfaba2-b75f-4720-86cb-70d17fc7208e,Kimberly Montgomery,712-605-3628x80270,-49.2890054,-16.6135916
12dae62d-6a07-4d8e-8c51-8da13f4e2386,Austin Snow,001-605-849-0250x340,-49.2825489,-16.6349829
eb09936d-ff25-4834-9b36-e02c3ff72fdf,Rachael Joyce,(915)303-4160x894,-49.2792061,-16.6385165
a6e3153e-cfd4-4cf9-9389-5563149457d4,Lauren King,(251)323-7604,-49.2965155,-16.6275634
0b293ac7-f0de-48e3-9167-8418b3fcc35c,Donald Sparks,(262)950-4502x3004,-49.2755055,-16.5703511
ed885d40-c09f-4693-a98a-96b6c51b85f2,David Reed,(540)699-5270x7437,-49.2995214,-16.6389843
00224d6e-76d0-4982-a120-05cc76d4a30e,Martin Cline,(678)326-9025x2760,-49.2315264,-16.6253604
d7ea7f88-fbc3-4930-b7eb-4c60c5aecaf3,Timothy Anderson,889.791.2133,-49.3022738,-16.6142286
a4444af7-ddf7-4b94-a5d2-7592f6e26d35,Crystal Santos,413.951.1019,-49.2288939,-16.63749
f1a428ea-b725-4db8-8afd-932912ddcbbc,Susan Brown,599.865.6080x141,-49.2569473,-16.5945775
59e7ea99-d1f0-4c87-aed2-fd66c5095704,Timothy Richards,(892)814-0374x6175,-49.2570521,-16.6097389
c5c0714f-5a62-4867-8665-683d97aa2f03,Kelly Adams,(219)673-3269,-49.2675286,-16.5900007
c1900a74-c1f6-4ecf-a5b9-bc2e28d3bd49,Jamie Rocha,4068281953,-49.2654595,-16.592469
d1d722c4-4fc8-4818-94f7-9e651a1af10b,Sarah Grant,+1-200-484-8572x3189,-49.2976768,-16.6059329
6ee1640d-595b-4c37-b8cc-e9f91a38b6f1,Amanda Brady,001-875-460-4539x013,-49.2589957,-16.6011199
57c91296-afe4-482c-96f0-90f28233ef01,Brandon Leonard,467-390-4574,-49.2837435,-16.6192478
327afa78-5312-4fc4-8bd5-1507654baa5c,Marie Lopez,206-549-1408x1016,-49.2996807,-16.6163355
b0cba704-6db6-46f0-bc05-42b083cef3b2,Regina Hall,7832637007,-49.297623,-16.6061765
b7689803-672d-44bd-8ee4-cc83f227b48d,Michelle Johnson,001-592-925-3970x9552,-49.3004346,-16.6378158
382da03b-16c5-4fc0-b905-1bd60f7ca426,Alexandria Rocha MD,899-267-2356,-49.2984488,-16.6117765
901dfc4e-76c6-42d6-a672-d1a0d03471d4,Robert Simmons,519-653-6502x1768,-49.2801535,-16.5979317
4ec65690-d4ac-45bf-934a-cf673cbadc67,Stacey Weber DDS,(901)663-3663x8575,-49.2796666,-16.6361484
cd9ea943-3f4c-40c5-9e05-0d2727f1dbb5,Gary Tucker,001-423-353-3263x8050,-49.2535962,-16.6258319
dacd41bb-09bd-4c5e-92c2-50ff0f4afd61,Mr. Justin Mitchell,001-910-876-0724x5282,-49.281384,-16.5718891
d8c47fb0-9f64-43fb-9c1c-5125d53a8aa9,Christopher Brady,(764)306-0067,-49.2738063,-16.629125
3eab8180-c94b-41a9-87a1-7c0340aadb0e,Melanie Adkins,+1-777-707-0998x65246,-49.294583,-16.6156943
e4f872b0-0d1c-4c9c-a428-5e50c622a774,Joseph Oconnor,001-358-941-3422x13166,-49.2663487,-16.5969781
967b0c02-75f0-4021-8807-c04d7bd9625d,Maria Skinner,001-239-786-1309x15349,-49.286891,-16.6284084
9a5c1dd6-51f4-4c14-a8d9-8cce77326835,Elizabeth Montes,552.400.9911,-49.2463535,-16.6038833
409572d9-76cf-4e58-9af2-c4c703fe0603,Rose Edwards,(571)305-5634x7684,-49.2467121,-16.6140739
08353153-9fbf-403d-9fa1-869b591436a9,Charles Smith,635-748-3849x821,-49.2640704,-16.5911336
93ae23ad-8407-40bd-b224-bef7ccc232e5,William Kim,+1-337-926-0783x26486,-49.2660327,-16.5950818
e2e6ec7f-d960-440d-8f6a-4ae8e9369d6e,Michael Oliver,001-265-490-6418x705,-49.2825597,-16.6346591
f8fe721f-c394-477b-9ebb-3a91bbf080aa,Steven Gutierrez,369.607.1268x317,-49.2324229,-16.6247854
984a9738-a547-4131-acc9-f4f5a066b33d,Joseph Walker,869.332.1528,-49.2551581,-16.5979499
53ac940a-d42d-4b5b-89ec-79c7a799b44c,Daniel Gonzalez,+1-870-385-8604x29243,-49.2902361,-16.6287809
679dfe13-7502-434a-97f7-33b08793d89b,Alfred Stevenson,642.364.9811,-49.2837975,-16.6200087
2db8677e-aea5-462f-aa36-943fa3d3fc19,Benjamin Hughes,581-513-5727x8382,-49.2564413,-16.6150385
d2e5cd7f-ec69-4d3a-8c28-675019293a50,Susan Burton,806.734.1052,-49.2599777,-16.601105
609ecf6f-1213-4e13-9b08-c939a8d848ea,Carol Smith,802.246.1931x131,-49.2684561,-16.5825109
434f5fe3-9af0-4faf-b0e8-15fc58ae2e6c,Derek Campbell,270.374.8725x157,-49.2995853,-16.616327
818db352-7aa6-4cd5-8d0b-04e863d508fe,Cheryl Spencer,+1-629-451-2752x508,-49.2516727,-16.628915
dc6cd4f9-e392-4396-a920-473e3cdc0911,Robert Parker,287-788-7479x8666,-49.2799641,-16.5967257
7a2e8ed3-5668-40ab-9f81-78759e01eb35,Shannon Barnes,(305)898-9555,-49.249291,-16.6222378
87665740-39c0-4a85-b1eb-ba9aebf4f279,Whitney Moore,(731)996-9174,-49.2823452,-16.5766269
ccdd1237-47f6-479a-9a98-8a2b7d66660b,Melanie Gallegos,277-777-1978x292,-49.2501529,-16.6116172
c2a72af6-d64d-4e6f-add9-cd6a5fd4f0b7,Holly Nguyen,674-890-1858,-49.2558932,-16.5938681
be68388d-c7c3-4ade-b9c1-56b6c547a360,Monique Peterson,+1-488-926-2845x49146,-49.2716257,-16.5956389
f900138f-898c-4c45-b5d9-20d20493c38b,Victor Woods,(824)719-1428x421,-49.2575829,-16.593705
08e12769-d26f-428b-80bf-960886e379b5,Jason Myers,602-449-0057x98370,-49.2334119,-16.6282543
3ba37511-fd85-498b-9a8f-9fdda800bf2a,Eric Hickman,+1-797-395-3107x0148,-49.301272,-16.615371
973f7806-40aa-45fb-b1c5-9f76678a796a,Nicole Blackburn,+1-368-405-2682x36679,-49.2556339,-16.6056905
350abc28-1c2c-4c78-aac7-2cc7e67fdac0,Eric Riley,359-299-2889x7015,-49.2624837,-16.5855707
76ead0e8-f4a5-4b0e-9907-1057d20a176f,Lisa Hall,733.933.0443x74231,-49.2627089,-16.5835534
4f5942b3-454e-43c8-a028-7c820792f376,Michael Kerr,(871)612-9004x68484,-49.2924984,-16.6351012
0d29ed28-efd7-406a-9bd6-3c24a2878073,Amber Knapp,321.286.5137,-49.2631289,-16.5860168
2ba7bcad-d698-42df-8bfe-be26dc6bd21e,Meghan Gray,796.512.0411,-49.2964511,-16.6391552
80a0a518-c05c-460d-93c8-d6602b7c8f78,Daniel Daniel,372.780.4412,-49.2690285,-16.616347
12d819d8-a566-4205-b5ff-a0759a7d2611,Johnny Lucas,(902)247-8750,-49.2494259,-16.6273438
b1a5d8a7-1dae-47fa-935c-a8579abd6d79,Allison Wallace,746.633.5333,-49.298098,-16.6085064
c487815d-7ff6-4b09-926a-c5d66e9ea86a,David Bell,+1-550-604-1129,-49.2938701,-16.6338401
c11d1c09-e638-4555-b0e6-7453b050ae20,Justin Mcknight,001-859-452-6484,-49.2769233,-16.6357356
b678be3f-1134-4a24-8130-8f032b251a99,Samantha Faulkner,527.627.7202x86046,-49.2523021,-16.6020321
725fe400-4daf-454f-8501-640a6e5769f7,Mr. Xavier Dean,(226)732-3543,-49.2630484,-16.5812798
4df20d3b-c88a-4a17-9410-1c04cd27b16b,Brianna Tucker,692.594.3627x8835,-49.2862781,-16.6370931
a2c4bf3c-f3a3-4d4d-ae98-b3d69bbdb5fd,Kimberly Cole,001-304-831-6049x267,-49.2917044,-16.6261196
6bc751b5-2223-4a2e-b8a1-65e2015217b4,Lisa Johnston,950-773-5329,-49.2950152,-16.6273611
35de6339-d4b4-4f25-b7d9-2f42fea4a0f4,Norma Cortez,755-844-7835x0120,-49.2462493,-16.5935853
34efb768-02c9-4a16-bde1-b7b2cf5a00df,Michael Martinez,(403)984-2278x471,-49.3008605,-16.6211773
138497e8-8158-4fa9-944c-172d95b1a1db,Amy Cannon,3672461838,-49.2761971,-16.5967901
0253da2c-0905-4799-9259-10e2645019cf,Margaret Morales,001-517-886-3778,-49.2912501,-16.5907565
eac4c637-43d8-4421-93e3-7d428ea9d803,Dustin Richardson,(514)225-5179,-49.286077,-16.615527
f7e43ed0-5d53-4590-809a-6b2c62e62384,David Wells,+1-558-394-3004x41780,-49.2819336,-16.6341861
b3252df4-6312-4a42-9cb7-ec28c122755d,Christine Nunez,001-780-233-3520x46923,-49.2569839,-16.6180656
4610d663-ce8d-4588-b5b1-341c30de6e77,Dr. Ryan Sanders,(477)482-9700x251,-49.2558451,-16.6199901
4aa40dd3-c30f-4c8d-8c43-617735997a83,John Ferguson,992.674.4343x1950,-49.2835605,-16.6170686
306837e4-41ac-4d12-afd1-b71ec2f3cc77,Mr. David Lynch,263-709-9284x42179,-49.2663386,-16.5802531
539afb69-26a0-4933-9c49-97960d44e1cf,Sara Olson,(430)737-6303x45343,-49.3024214,-16.6171815
88bc7db4-2bed-44ca-9ec1-2f550e189312,Bradley Gutierrez,001-791-681-9564,-49.2974935,-16.6386341
82fb21af-31ca-404e-ab92-056ab08768a6,Michael Davidson,001-902-268-4806,-49.2982814,-16.6196825
085e7f66-83ee-4f8f-9fc4-dcf030600d7d,Michelle Pollard,(848)493-4751x8879,-49.250422,-16.614825
3bd6f0ff-d21c-4730-a75f-1fcd8f595728,Allen Torres,2815263432,-49.2940321,-16.6182436
a397e6ff-7209-48f0-b8f2-e8ad1feeb92a,Natalie Mcgee,316-983-4867x811,-49.2593135,-16.5913166
fd1e878d-12ec-43b3-a680-cf33b267713a,Joseph Smith,+1-203-918-5485x7646,-49.2870416,-16.6260824
af7bd13b-f7ed-4f14-8828-8c6010d71bfb,Ashley Watkins,001-341-201-2392x66814,-49.298676,-16.6091974
b2a839f2-fd84-42f9-be4d-b73b75df603d,Zachary Goodman,900-740-1847,-49.2499236,-16.6193567
a4f09095-f735-4a0f-b99c-d046bd430520,Sarah Page,+1-251-824-8676,-49.2909213,-16.6288981
26c0f367-c50f-4b1b-bfc8-645c9e028049,Amanda Conway,(964)625-7850x168,-49.2823915,-16.6189531
7485f1db-dcf3-4069-ad7f-acf506497bca,Larry Brown,+1-523-211-8688x056,-49.2786765,-16.6362372
d478f8a5-fe98-4d98-94ca-e2d60036339b,Audrey Flores MD,882-463-1229x69251,-49.2668727,-16.5836676
aaf00cc0-e98d-4b21-bed6-f081b83060ce,Joshua Smith,530-475-6058x32153,-49.2677027,-16.5918103
e5baf269-10e7-4aed-8355-16fee7e967b7,Ashley Burns,+1-732-882-9149x77172,-49.2932279,-16.637163
8678ddaa-ab70-4139-8081-51ed1244fe3a,Christopher Jones,(897)846-7855x55764,-49.2417683,-16.6119332
73fd030b-1f90-4c17-b21f-3af4cedaa660,Marc Leach,467.299.7388x15134,-49.2502396,-16.6224305
5184fb56-0448-4b1f-813e-e60e3924c211,Alice Dunn,(317)904-6604,-49.2439359,-16.5887347
c3be6fce-eeb4-43dd-a459-3f89b0a8ab49,Courtney Brown,464.658.3524,-49.2714669,-16.6347553
2e4667c7-3ef0-4f2c-9887-5b440caab88d,Sarah Howe,+1-570-258-5296,-49.3009579,-16.5705271
efe64075-7e90-4f33-a340-70457a045f3a,Lori Lowery,+1-234-375-9335x7778,-49.3008041,-16.6262941
fbab5517-98f0-4fba-b880-be26c5118234,Amy Jones,+1-984-687-7551,-49.2350105,-16.6258167
da75b226-80bc-4314-bdc6-cb871f452031,Michael Evans,(746)512-6831,-49.2939443,-16.6372849
c5692377-f88a-4bab-80fc-b141f2b605fe,Jacob Stephens,521-848-6402x0730,-49.2813437,-16.6379953
53141a2b-c050-4b25-8029-18ae73bfc721,Leah Dickson,(289)957-2140,-49.2627178,-16.6238648
da05a1e7-a429-4e81-b11f-668d58e55e7b,Jeffrey Huffman,264.790.3338x489,-49.2332859,-16.6283211
a52ee200-4d01-4405-8c64-59f8d035ffa3,Rachel Walsh,902-771-2858x794,-49.244638,-16.6266846
21955e33-b187-4449-9325-849bf764192c,Jill Wilson,381-807-4572,-49.2984488,-16.6117765
dbe4a09c-242f-4af0-ace2-12f45ba3a423,Matthew Jensen,001-618-566-6468x9864,-49.2291785,-16.6062997
9fdece0a-ec26-40d7-a9ae-47e7f5c0a62e,Steven Salinas,001-338-417-8297x80618,-49.243086,-16.6115917
bffdca64-f5a4-47a8-85f0-5608e91c9877,Stacy Mccormick,(953)212-6597x035,-49.2438983,-16.6134011
a2aaa4c5-ac7a-4b36-853b-db5cf1252eac,Jamie Fowler,001-235-336-3851x3710,-49.2512811,-16.617744
5350ad3b-73ed-44cc-acef-79bfef31c392,Harry Paul MD,+1-983-988-8130x699,-49.265917,-16.5942146
2493d0a1-ea43-410a-91fb-2abce95c0686,Crystal Jones,+1-832-210-3546,-49.2538929,-16.63099
0c32875c-7b9d-4e56-9f11-5d7a57c477b7,Richard Powers,+1-417-639-7215x59999,-49.2416243,-16.6089801
7956e8e5-6c98-42d1-bced-113699b44ffd,Gabrielle Davis,(801)571-6034x16875,-49.2450397,-16.6116145
073ac060-a75c-4b58-a7d1-0ee998aa99b9,Nicholas Quinn,(487)213-7248x55559,-49.2676947,-16.6375959
3fdf1d19-a096-444f-9d9b-7058f069bb47,Michelle Nguyen,001-570-733-9579x3884,-49.2512802,-16.6034332
0e25d40a-99eb-49a4-8c8e-a17abddde58a,Jerry Brown,(644)743-5315x022,-49.2464646,-16.6143894
bcc448c6-0364-473e-903d-b787cc573b6b,Sara Russell,(510)487-6535x9967,-49.302742,-16.6245176
c9b3c13b-706d-4fcd-bd78-5f35fd47b995,Brittney Williams,8308240510,-49.2888258,-16.6233579
471d9a88-389a-4fbe-90b8-6bf8d1b3b5ec,Jason Hall,+1-746-862-5955,-49.2592321,-16.6056899
e40481e7-bddb-4ef2-860c-3be027494b85,Kenneth Rodriguez,965.710.7090,-49.2967054,-16.6194877
027229b5-5acd-4396-bff8-c94560327133,Lisa Colon,+1-941-371-7805,-49.2696167,-16.6146628
c236a0eb-ea62-4577-8155-257973f0c41a,Randy Knight,963-516-2529x19481,-49.2527654,-16.6097872
8ca394d5-6129-47c3-98d2-b92939cdef30,Caitlin Conway,+1-711-679-5050x65577,-49.2437057,-16.6365908
c4f02db7-f355-4fd0-9179-78dddbe11e13,Dawn Rivera,564.444.2887x48698,-49.2527654,-16.6097872
32d42610-0026-4431-9d3f-cb1946f8797a,Kelly Mayer,+1-275-342-7684x12819,-49.2778879,-16.5685485
2b0892e9-612d-4097-8fa9-6ebfbbe05925,Karen Nguyen,+1-919-531-2138x650,-49.2551481,-16.6197084
0bdd2731-70c7-4db1-85ec-57ef5261849b,Denise Golden,425-470-0373,-49.2564829,-16.6236379
2e7d0301-f030-4fbe-aabb-1f1a51139c15,Thomas White,227.469.5363,-49.2570861,-16.6163017
d732cdbe-6a48-45f9-a9b0-4fe839fe02a4,Jonathan Torres,+1-720-636-9905x99257,-49.2433646,-16.6071368
7fe0b2b4-b7d0-4fc1-aeca-58373ecc9181,Christopher Thomas,671-224-2916,-49.2446331,-16.6187572
4f1ea5d4-b0a6-4c86-95d0-ed1d33c921fa,Adriana Park,372-911-7447,-49.2980209,-16.6210414
e10f43ce-c599-44bf-8eab-7ef67650cb73,Dawn Stewart,853-948-7075x0298,-49.3029078,-16.6011834
888b5803-37c3-4442-acf6-6deeb0469957,Rebecca Henderson,240.936.4536x67700,-49.2345524,-16.6283948
2e010ba1-bdbb-4f6e-a4a4-a9add2d6a490,Julia Little,920.348.5889,-49.2900671,-16.629706
7c9daa6c-80ec-4687-961d-be41ca65f2d6,Jennifer Hall,(406)530-0622x7253,-49.2932886,-16.5895367
141c13f3-10d0-495d-947f-1da12efd2539,Patrick Salas,876-747-4866x065,-49.292307,-16.6184241
edfaa4cb-93a1-482d-aaa7-90266c38f5f2,Paul Mccall,001-463-644-3387x685,-49.296814,-16.6130186
0a60caf0-7d53-4264-8791-ef2a972eb2c9,Karen Barnes,(944)612-9592,-49.2842048,-16.6243104
5abc4e5f-5a8b-4fe6-8382-7827e74189b8,Laura Miles,+1-816-944-7009x4151,-49.3001195,-16.6131255
bf212b09-b763-42d3-b7b0-c80032ff357b,Maureen Young,2846516819,-49.2387285,-16.6304503
2675b184-3d94-4eb0-b1ab-c36edbb8969b,Tracey Gonzalez,+1-591-204-7591x37835,-49.2503842,-16.6193951
75e1a6c7-fe2e-449e-bd90-dc195d121725,Sarah Lopez,684.562.2704x9617,-49.2416243,-16.6089801
9487c324-30f1-49ff-a0fe-f4a5a5854fb2,Steven Harrington,632.821.8414x719,-49.2942649,-16.6339057
51ea51ba-dca8-45d8-9470-fa5ba999226c,Maria Jennings,+1-677-225-8186x9819,-49.2671363,-16.638652
93db0815-a2ab-47f3-9e5a-bdc990985660,Juan Schroeder,+1-360-611-6972x97108,-49.2535016,-16.6264621
a22ea5a6-f1db-4458-9534-d7d5ce9067ad,Emily Reeves,603.581.2041x3743,-49.2864944,-16.6256969
3d78efe0-9761-4ace-8997-0962089e14e7,Jennifer Hebert,001-897-331-3904,-49.258738,-16.6016246
6c43549d-9c16-4b49-a0c3-618b54e8b29a,Nancy Bradford,764.546.8218,-49.2367137,-16.6204851
79b8478a-d34b-43b9-9bc3-8ef1b8acedfa,Zachary Stewart,9237967298,-49.2366972,-16.621903
e155ad34-e57f-4966-a32b-8701943e7985,Thomas Smith,9358573757,-49.2599637,-16.6248677
6ded3c2c-bb0e-43dc-82a9-b25b4f978159,Kevin Greene,534-664-1852,-49.2483756,-16.6327673
9e5a5250-0bb0-40f5-94b1-2f73a37a886c,Lisa Greene,(541)707-5586,-49.2961185,-16.605869
ba563bac-7c32-40e3-98ea-f047196f5335,Tiffany Allen,001-749-202-6423x3928,-49.2341003,-16.6354774
fab1b81e-b86b-455d-830a-450c3b0db8f6,Edward Spencer,521.620.4485x39403,-49.2789998,-16.6363772
2b8d72bb-ff93-4781-8075-ec5f695e8743,David Kennedy,626.561.9139,-49.2793411,-16.5741886
4404f37c-94ad-4595-b5f0-4baa3e946d4d,Jordan Martin,+1-538-667-7895x59620,-49.2598358,-16.5948463
27bb395d-3726-4b85-8f4b-0fa62a101ade,Michelle Morton,415.221.1161x7578,-49.2424054,-16.6190551
10ac0e23-556d-497f-bc19-12783d1164b8,Tammy Cole,+1-804-542-2124,-49.2537931,-16.628289
d52a4cbe-73d6-4233-828b-8e3b3d06b226,Susan Peters,+1-224-742-7535x824,-49.302878,-16.6012753
d548fbab-83b1-4f5c-96c5-1bff4df50932,Karen Lee,001-652-211-6856x32856,-49.2487132,-16.6144529
dd44024b-6a0b-40ca-9427-6eb4a93d8ee5,Lindsey Jenkins,(424)993-8390x7084,-49.2512498,-16.6079659
6f3c2da5-849c-44a2-b563-5375190af07e,Aaron Foster,+1-709-750-2270x555,-49.2560162,-16.619576
fd56dacf-f679-4c65-bd9a-ce47e9f04e6c,Colleen Reyes,+1-743-632-8193x301,-49.2823717,-16.5895757
cd76afa9-01ec-4c13-98c1-252cd2e000a4,Walter Ford,398.612.7973x62579,-49.2805034,-16.6034196
b252539e-5f68-49cd-bad5-64e549ce2ba2,Colleen Johnson,320.917.4218x448,-49.2506457,-16.6140824
1a88d922-b34a-44f6-9a50-59e4efbfc41b,Janice Rios,(342)852-6483,-49.2961185,-16.605869
8a32fb61-0607-475f-9adf-da9370acca0d,Dr. Shawn Long II,+1-484-319-9320x2892,-49.2730726,-16.6291453
5383f725-7240-49ec-8721-65e2bfd7b30a,Angela Burns PhD,880.678.8092x0034,-49.252241,-16.6196006
4a098329-bdae-4a50-bae4-67cc313d82be,John Liu,+1-967-889-6494x667,-49.2502094,-16.6185974
fe020d76-5a06-44f1-ba1e-373567d76016,Kevin Anderson,317-290-0116,-49.2554088,-16.6159335
5f877dd0-a892-46ca-af96-e0a321c131eb,Jennifer Simmons,433.756.0919,-49.3001725,-16.6390968
8289e65f-bf8d-4f73-9f4e-ba73404e762d,Scott Shaw,+1-511-533-9536,-49.2446186,-16.6227661
7c65a65f-c196-4956-bf62-1f5f4e16877b,Steven Cain,+1-311-523-7254x2037,-49.2544725,-16.6049317
3d07d9c3-e862-4649-989d-08590bb04558,Gary Fitzgerald,+1-620-473-1748,-49.283904,-16.6212709
b62ae68a-64d7-4a5e-83a1-f14517075762,Joshua Crawford,(777)825-1945x0585,-49.2773336,-16.6333386
9953d8b1-3642-455f-9166-a662efb2a559,Paula Thomas,(837)649-0965,-49.2829463,-16.5826415
b1c10005-889e-48c5-adb5-1ffc5ff454d6,Rebecca Ballard,948.206.4551x04995,-49.235585,-16.638713
1e5ce626-d6da-49d4-9e85-458ffe0eb4f0,Monica Grant,919-678-4634,-49.2917657,-16.6328267
cda711ed-6ddc-410c-9e61-bcd3a1b5d30c,Donna Brown,001-548-353-8756x029,-49.2556669,-16.6173925
e4ac4959-7e27-4a0d-be4a-2907fcb0f85f,Tara Cox,5745952040,-49.298854,-16.6160689
5e5dbd7d-867c-42c3-b440-4f538e22f1e8,Christina Malone,5983715958,-49.2535733,-16.6332279
a7436e92-64b3-4476-86ac-fd566c2056d5,Anthony Castillo,001-702-457-4590,-49.2922007,-16.590646
e3f5b12b-2981-4580-99c7-36424135f113,Edward Carlson,457.935.4870x044,-49.2670797,-16.5856546
3f481f9a-5d8c-4681-a6fb-41969fbc7092,Hector Wade,(293)750-8665x368,-49.2608041,-16.589932
3fa37e6b-191f-4acb-9263-17f100e276a4,Cynthia Huerta,(837)637-2101,-49.2729135,-16.5965955
2841cb30-7afb-4efa-a150-52a45a10f56a,Joseph Dunn,851-255-2536x07493,-49.2970135,-16.61672
e74cd1b7-ee08-4f72-9b59-3c76753b2f76,Joseph Franklin,736.282.2791x390,-49.2994144,-16.6171037
26f9b29a-0a3a-4524-b761-cb8f95e8f803,Leonard Thompson,330.624.7292,-49.2589957,-16.6011199
6afa251c-6b43-4bce-9ca6-ecc3a8c52173,William Garcia,+1-684-556-1508x20026,-49.2661974,-16.6231216
1434d166-604f-4ba8-8520-2df7002f0443,Lauren Mora,+1-351-947-9316x8505,-49.2636208,-16.5831599
8f4866dd-85ea-4a2c-a22d-8f36e3ae68d7,Jose Wood,213-402-5094,-49.274049,-16.5738795
41ccbe22-8783-4dca-bd04-94ccb3cdea1d,Dr. Jessica Reid,739.926.0864,-49.2425832,-16.625512
234f7f12-93d0-44d3-8031-044619849be7,Rachel Diaz,001-628-878-0824x13665,-49.2441183,-16.6025022
0fd935b4-b468-4ec4-b1f5-643de529759d,Robert Perkins,+1-965-732-9338,-49.3023502,-16.6373661
740560d3-1a55-49a7-b90a-c846a5cd33c8,Jessica Williams,222.796.5151,-49.2491986,-16.6299876
6b8cd92d-d054-4499-9ae8-773b66847b15,Nancy Payne,(575)651-4605x972,-49.2539473,-16.5995989
56e350ae-0bb3-4964-a8b3-7a68f0eb5ca6,Leah King,(855)950-0619x50545,-49.2874286,-16.6182451
a4d81ae4-b0cb-4346-9a31-073ab6e539fc,Christopher Young,001-382-578-6643,-49.2564413,-16.6150385
cd296759-864c-4b06-b3ef-6e2d542f5a9f,Michael Clements,231-744-5723x938,-49.2851338,-16.6168068
bd3ca59b-24a2-4937-a45b-15b0dda5430d,Cynthia Campbell,(785)596-3412,-49.2847589,-16.636106
c20debb2-4d6c-484b-ad65-800f7d1bc9ea,Mrs. Alyssa George,791.787.6131x1887,-49.2939254,-16.5865421
df8207c0-24a1-4a61-8d2c-baa06aefa8b5,John Nguyen,670.634.2187,-49.2988922,-16.6388757
5e7e6c2c-9b29-4618-9512-7c90d32c1031,Katherine Mcintosh,+1-625-605-4860x413,-49.2581864,-16.5860234
ea3c7ae2-65ce-4638-ba01-b1b3f797cbc8,Jessica Hernandez,(578)478-6531x19890,-49.2684328,-16.6021277
3f3e4797-2799-49dc-9216-10f050c70e19,Michelle Reyes,276.629.6839x913,-49.2941245,-16.6073283
dd7451a7-55a3-47f0-8e7f-34cce6b27be6,James Little,936.376.0091x43025,-49.2538626,-16.6278479
d126bd84-1a10-41b4-9227-334026b07d0f,James Medina,645.971.7347x8486,-49.2569473,-16.5945775
1efc1f18-2f1f-4ab4-be6d-e5ea65e2dd0f,William Clark,328.629.6549x1055,-49.3000576,-16.6233669
f761a95f-2e0b-49d9-af4f-9ac193c1849e,Jessica Vasquez,968.290.3231x79694,-49.3011912,-16.5983893
4c82f7cf-5aae-4492-911f-c7d4c547a517,Mark Fowler,+1-604-856-7701,-49.2786765,-16.6362372
e4f91d2a-16b2-4f95-a543-1ef348935fc7,Gerald Flores,+1-312-746-7877x024,-49.2746863,-16.5709478
5f5c34a6-65d6-47a7-801e-c07e08688e73,Renee Rios,847-272-5340,-49.2390536,-16.6393395
a8b20622-12ad-4057-b79a-58979979418f,Abigail Wolf,985.854.0376,-49.2824824,-16.6199572
93134a68-2bd6-4e46-a18b-1d8e5fa3d58f,Eric Douglas,379.876.4461x892,-49.2681739,-16.6025198
89ce19df-d2e7-43c3-9276-771fe49227de,Brittney Adams,581-560-2760,-49.2505887,-16.635676
9a410c25-e0b6-490a-b051-f407e8b4c359,Douglas Mckinney,397-635-6493x141,-49.2387285,-16.6304503
508b5bdf-c4af-48ea-ba7f-1fc479e2fa16,Linda Collins,001-385-622-3804x119,-49.2726053,-16.6261416
f9ba247c-33f5-4c13-bf4f-6938892158c6,Kirk Carter,3364521414,-49.2541623,-16.6373071
64160063-6676-40d0-86f5-82431c11aadc,Eric Rodriguez,+1-274-286-1359x4445,-49.2751303,-16.6293763
b354a4db-6c95-4a2e-9659-7a6507d49a2c,Jose Wheeler,+1-933-919-3818x920,-49.2686929,-16.5969769
bd768f6e-69d6-4709-810f-3e10a9ea84a4,Tonya Griffin,935-584-3232x7843,-49.2472598,-16.615517
f367d738-a977-4edb-aa52-64e502d05113,Terry Summers,731.350.7522x695,-49.2542754,-16.6249968
e845cec1-e766-46da-9724-e5ad46009c69,Andrew Vargas,4504003082,-49.2893708,-16.6257292
6ac11d37-a520-4129-aa6c-73a0ba3838c5,Gregory Rice,893-277-1988,-49.2764612,-16.5753749
9f5b87e6-25a4-480d-9ffb-22c60ad46dd7,Janet Norman,+1-222-922-9066x014,-49.2617834,-16.5910251
5a64ad9b-91ff-4d98-b318-2e3b42cff93b,Keith Harper,328-627-6656,-49.2670931,-16.580608
f2694609-d0a6-4c8a-9c51-6fc01a21e31a,Trevor Carpenter,(596)934-7645x1073,-49.2955902,-16.6073682
790df63b-2a26-49ab-8815-65ea8c36a779,Bonnie Jones DVM,397-356-0506,-49.2968464,-16.6196536
e823f4d7-b5e8-4cd6-b23f-89cfd49c3531,Frederick Osborne,(733)987-3204x02487,-49.2440939,-16.5782222
c47d91b1-ecd0-4ff6-b3d2-c2e2a338f24e,Jeffrey Schmidt,475.702.4905,-49.2536882,-16.6266172
20be40a8-e8c0-431d-94ed-be3a3474ec1f,Jerry Nelson Jr.,(904)838-0218,-49.2962222,-16.6130736
1f113338-2b0f-4ce5-8e48-e51d308f5ab4,Eric Vazquez,828-395-5443x65409,-49.2548888,-16.6130918
185dccfa-3626-4cd6-b136-7b329ff9d42f,Lisa Perez,763.763.2410,-49.3003991,-16.6333238
edce7227-5c8d-4e59-94bb-d934c02a2cd6,John Miller,388.246.2644x25207,-49.292307,-16.6184241
fc6ad9ac-16dd-4e73-b9cd-4b59cee60080,Brooke Crawford,542.757.0540x7793,-49.2806426,-16.6034075
abefcc0e-5648-42d8-b133-f6426bfcd377,Jacqueline Garza,2568976256,-49.3005025,-16.62569
f3a8170d-3c47-4e76-8112-0f0a8ea02aad,Dawn Casey,(910)325-8359,-49.2728626,-16.6354961
ed9e47b6-e3d8-4ed0-ad5c-17daf792cdf0,Crystal Taylor,+1-986-980-8678x07784,-49.2504009,-16.6125468
d97ffe4d-02cb-4b45-aa88-2dbeb2a33fe7,Philip Roberts,+1-831-225-4712x62272,-49.2998775,-16.6231606
9bb0cabd-dfdb-4e86-af3c-e12772c76bf2,Madison Jones,+1-281-826-7735x056,-49.2284135,-16.6328571
21e955fe-9ab9-424b-8930-4f997fb31a44,David Jones,7853689292,-49.2351107,-16.6314094
99d22046-6c98-4473-b6ca-34861cac36ad,Virginia Torres,402.677.8198,-49.2527817,-16.6096517
eaec0dc5-4875-4d9b-af30-5f5f00bd98ce,Lisa Charles,(575)747-3463x480,-49.2494813,-16.629583
8543f45b-0ca2-468a-b838-65deb4358452,Janet Grant,914.334.8976x914,-49.2437057,-16.6365908
dc2223a9-dd56-4955-9d07-f4df12f4bbde,Mason Smith,791.430.7380,-49.2995083,-16.6140516
dc0a493c-4cf0-45f4-ae37-55ed1faa9bd7,Jeff Lane,933-960-9624,-49.2713976,-16.6386691
815c6caf-f011-4560-9684-8c10b459acd4,Megan Simon,964-398-2827x748,-49.2995087,-16.6357756
e8178f35-bc7b-428e-a8fb-b48109c919c6,Christian Ward,7153357873,-49.2911388,-16.6369304
13d3e634-d00a-44c2-9c3d-43386726a5c5,Jacob Mcconnell,+1-727-616-0537x91690,-49.3020637,-16.6290494
9d71e46a-736d-497a-9cdd-1658b8133f45,Tracy Wright,5623225743,-49.2970067,-16.6121792
eb58a05c-9009-4e62-850b-102fafb77668,Todd Griffin,301-761-1993,-49.2976013,-16.6130868
ec2fec02-f3d5-4577-bb1c-21b4d4fd140c,Jose Carson,475.417.1780,-49.285595,-16.5803179
b6e8c04e-2061-4f97-af73-994b1e76f85d,Allison Lowe,(956)524-2813x339,-49.2943009,-16.6145921
c50e1aad-6017-4575-b1e8-c4bb2bf9aee4,Christopher Patton,339.894.9096x1422,-49.2994977,-16.6143031
94a3cd33-6f60-4a7e-a157-d8accfb44133,Angel Martinez,8593812412,-49.2804158,-16.6340619
dd579eba-4f55-4811-aab3-bf0af00a654b,Anthony Flores,001-488-839-3403,-49.2668272,-16.6174304
78c7043f-7dd7-42dd-8df1-f4360f49fe4e,Amanda Snyder,+1-219-423-1740x26748,-49.2579777,-16.5903922
59fcb9f9-d099-40a1-a02b-7895c98a0a4c,Peter Moore,745-524-6006,-49.25921,-16.6205558
44bc95cd-00bb-4078-9b9c-f0f13d15f24b,Charles Hart,543.472.1363,-49.2332927,-16.6388168
4c94d97a-fb3d-486a-84e3-c2c0a6e57e4c,Tyler Romero II,(487)830-5019,-49.2997544,-16.5698976
44e24d49-ad82-4890-92e2-f5503693d1e4,Timothy Harper,448-375-5357,-49.2503073,-16.6148852
72a700db-dfe9-4bc8-a857-81b1806e1979,Angela Blankenship,+1-623-203-9689x6189,-49.2558312,-16.6197002
a947ffcd-aad9-4867-aa3d-87194d125b65,Jerry Johnson,+1-957-620-9486x2896,-49.2440437,-16.5819123
7761992c-0bee-4bc4-9686-47f333b9c30a,Pam Perry,001-236-986-6247x54779,-49.2740518,-16.5796424
2e2e4093-74c7-4c8d-a2bf-6fc21b711a93,Janet Keller,513-286-1011x530,-49.2537276,-16.6154932
f075d3d2-9187-4ac4-b7d7-54343c81cac0,Jason Stafford,925.672.1981,-49.2540362,-16.635737
b8cbd493-10a2-4b6b-a7e9-899ebf2c0918,Joseph Johnson,708.265.4372,-49.2787131,-16.6262545
5dcccac4-62db-44fd-8e61-6e283f5bfb64,Jessica Watkins,988-262-0025,-49.2888258,-16.6233579
fa44bca0-fb70-4681-8f30-ac619e083818,Angela Foster,+1-971-243-2828x97911,-49.2284417,-16.6380098
602f465c-c1c2-4431-af59-d16e7d94fcc5,Grant Reyes,783.519.4857x70804,-49.2558718,-16.5969716
e3d80764-fc43-4f87-8f9d-fba4147d0a6b,Maria Jimenez,001-735-313-6975,-49.2946224,-16.6061862
1c6d69cc-ac24-434b-af32-31075303f4eb,Cristina Jones,(579)345-1321,-49.2868626,-16.6210567
d287be1a-7991-4493-8c59-bea906af9802,Tyler Neal,224-946-1528x03392,-49.2857045,-16.6373127
e3b1872e-10dd-4e55-b238-5e62aab46e80,Donna Mooney,001-530-815-7367x04154,-49.2962155,-16.6091308
14d01b39-3038-4e93-9f7a-0ed41aa2d3d1,Taylor Robbins,+1-394-214-1037,-49.2454936,-16.6101715
80d8faa0-f640-4324-955f-5b8804a7c7e0,Michael Guzman,660.801.7049,-49.2351107,-16.6314094
e7bb06e6-f855-48d0-a9ae-41eb1ec46c18,Teresa Thomas,+1-244-695-7305x86461,-49.2369057,-16.6159303
94f0a170-1258-497d-bb48-bd5db7378ad1,James Wright,001-492-744-9474x8513,-49.2581864,-16.5860234
2a4527fd-4edc-458d-a350-734bc8ef4d45,Cindy Farley,3222517920,-49.2682029,-16.5798904
c7431fa5-c42b-4898-8108-abf5e477d7bf,Kristi Oneal,(785)207-3841x083,-49.2490892,-16.6064624
8c7730f8-4d3e-4361-9634-35b6a0080a40,Alan Edwards,946-237-4589,-49.237661,-16.6378941
f6c6b3bb-1aac-4e71-85c4-820257da299d,Ashley Reyes,+1-808-912-0229x99802,-49.2538626,-16.6278479
cb148cd1-2d5d-4ae9-ba01-badb53906827,Melissa Berry,4447551098,-49.2961126,-16.6116136
5bb4dbc1-6596-4504-8eb3-e2d01ac6f7a6,Danielle Johnson,383.925.4985,-49.296896,-16.6122281
db5c9680-40d8-42fd-9d98-3ce1d82ca7d3,Sean Sanchez,(424)917-8212x1854,-49.2513167,-16.6195217
7c8a0c16-7cf6-4304-9c31-33bd0c89da3e,Angela Blake,856-790-4068x86559,-49.2690285,-16.616347
fbd0ba61-f9c0-4b19-9bd4-8ed3e141888a,Maria Gay,+1-813-976-3720x6224,-49.2482512,-16.6181179
0cd30e8f-3a96-456d-94e3-29c005adc82d,James Norris,(306)966-1278x4134,-49.2436918,-16.6071494
8721e030-042e-45e5-904d-6227724769c2,Stacey Beard,(844)835-5031,-49.2911388,-16.6369304
e0075e47-fdd1-4c38-add5-314e760ed475,Scott Chambers,5635451450,-49.2590311,-16.5853681
b09abf4e-8b3d-44eb-80ee-9178889e4691,Alex French,803.850.9682,-49.2410887,-16.6172026
9d8ac224-2b85-4d95-b775-e81c9bb402b9,Jennifer Cole,+1-818-338-7316,-49.253676,-16.613566
9eb05e38-354f-4fa0-9133-a52227d0ed9c,Matthew Benson,+1-977-993-4880x2267,-49.2815138,-16.5921889
334ba454-9221-4164-82eb-19bb0601ea08,Anna Lucas,324.657.2536x907,-49.2916656,-16.590097
58dc741c-ce5c-4ae2-9aa0-ccf79ea4e67c,Linda Roman,441-212-7210,-49.2521043,-16.6174594
48966490-75ec-4a47-af2d-bc578a385969,Bonnie Rivera,5603694328,-49.2911112,-16.6344509
49e295b0-dae0-4f28-8f7a-7f4bab5d3c7a,William Young,001-440-637-3946,-49.2356023,-16.6370502
ae770525-811c-4432-bb11-1c0aa082693d,Peggy Ward,8473099493,-49.2519166,-16.618488
3b50ee52-a5d5-41c2-abdd-b2f4abcb251e,Jane Taylor,(851)410-2181x96215,-49.2507139,-16.6041808
c5f8e007-ffb7-4cd5-aeec-0cf27cf25754,Doris Smith,764-845-5493x893,-49.2311025,-16.6389159
4b970e01-df4a-4bcd-9577-31856feedac9,Nicholas Adams,(986)435-1442x5275,-49.244638,-16.6266846
2f1af40a-69ed-41d3-8bd4-ba1a1ee43d34,Tonya Harris,668.343.0468x5205,-49.2351195,-16.6257686
beff576b-791f-4eab-8631-fde47add6406,Allison Hardy,592.929.4484,-49.2927076,-16.6333085
c2127f4b-aa64-4871-a763-28d6bf7e471b,John Spencer MD,(487)954-4924,-49.2687997,-16.6020778
e922ac51-6f27-451e-a2ca-1906e713a83a,Sara Baxter,324-748-4147,-49.2543312,-16.5993268
68f69015-98e8-4ef3-a7e5-0c45279ed1c7,Marcia Knight,001-313-934-0494x5989,-49.2528725,-16.6182271
be6fd6fb-c5c4-481a-a88e-5cd44afff9ca,Rodney Barker,001-214-317-5299x8191,-49.2841782,-16.6249929
4e0e2242-7ae4-4cef-b7ec-c2d7bebe1f14,Timothy Walsh,+1-817-660-7561x418,-49.2503961,-16.6149055
e5c71274-6c0b-4a17-b203-fed900436bb2,Regina Massey,905-974-8999,-49.2422865,-16.6132013
5ff46e53-af46-493e-b211-8e8bcef39612,Lindsey Bond,519.887.4476,-49.2716257,-16.5956389
3d48dde1-db3b-4221-9e4b-498199e93fc6,Scott Palmer,+1-530-546-6923x53083,-49.2813091,-16.6337937
16716765-4248-4984-8705-553c98960b64,Anita Marsh,+1-424-365-8290x4484,-49.2875797,-16.6156313
86c1ce1f-8d36-4bd2-b42b-e77e19f6796d,Robert Sparks,9072489680,-49.2823765,-16.5680803
72fdf195-b369-438b-a71d-bf42afe488cc,Rhonda Morse DDS,+1-501-721-2497x2230,-49.2823159,-16.6329649
9a8d08fc-0730-43b6-9a39-3854c402790e,Andrew Andersen,(512)257-2793,-49.2638032,-16.5905953
8e36b19e-11b5-48b1-8dec-7752df3263ec,Brenda Reed,+1-347-597-2907,-49.2496396,-16.6171529
0e874a16-6a0e-4c53-9f2e-ebf899b49326,Laura Williams,(953)289-8796x8235,-49.2705036,-16.5984521
d8c1941d-e6a2-4161-a888-1259638e6b20,Jerry Miller,712-587-7424,-49.2506922,-16.6225233
9c1b907a-51b9-44a8-9e54-06f46ca28e71,Scott Medina,(459)885-8698x196,-49.2656205,-16.5913485
a315a554-ac7d-4959-a078-324eb429e71b,Aaron Freeman,(700)957-7635,-49.3016598,-16.6332827
4d138ccd-c7e5-4b8e-b1d5-190534ca6356,Kendra Carter,(828)892-3170x6727,-49.2546783,-16.6172975
36b6a92d-da31-4c58-a58d-31f1f462e284,Kristen Smith,545.722.2018x55063,-49.3000576,-16.6233669
7124aa1b-d669-49f3-a2d9-e93cb04ea6c9,James Bond,(736)210-3518x556,-49.2602685,-16.5840364
5f0943cc-0eff-4544-8046-7297f3ac01d5,Juan Haynes,2074849399,-49.2793411,-16.5706845
29b8fb27-60df-4500-b929-30b3a6ada082,Susan Williams,+1-499-799-4959x0858,-49.2926508,-16.607325
3907600e-23ee-413d-8107-985399adee09,Michael Jones,877-572-3464,-49.282297,-16.6267448
a1c648e6-b5ca-46d5-a8f3-39d2f853eb57,Raymond Jenkins,690-948-7124x7302,-49.2992143,-16.6255486
01f9f2bc-bd76-4d83-af6e-6fec08067b44,Anthony Harrison,477-494-5534x73562,-49.2973251,-16.6090978
97efe0d8-fc9e-4e9b-b040-c93c01089749,Michael Yates,(293)996-6037x17521,-49.289331,-16.6238324
839538d2-ca4c-4c34-b8e1-00e5a2e8c8a0,Jacob Galvan,+1-702-830-0311x8136,-49.2927449,-16.6224241
78193e97-37c7-4f20-9d3d-8a304fe7ae96,Cody Black,+1-849-646-0512x80987,-49.2486566,-16.6168355
b74ed611-7eca-491f-9d75-ee995e772fd5,Chad Pham,979-968-9842x94440,-49.2540206,-16.6316184
a7d8be76-7f56-4a36-a83c-298e7bd09023,John Butler,665.901.2827,-49.2975084,-16.6064473
74fa853c-4df0-4338-b1d1-1ed149940460,Dennis Day,869.585.9030,-49.2977312,-16.6373414
1ec26a71-5c03-4389-adc1-99e274d71a57,Kayla Garcia,001-721-875-1509,-49.2968371,-16.6158532
0863b31f-41d2-427e-a18d-6af9c6485c97,Spencer Howard,641.389.3756x0836,-49.2700618,-16.6154873
307ad215-d073-4098-949c-91aff6be6e43,Heather Williams,368-312-6358,-49.3022299,-16.5729938
04f6cac2-ad6c-463b-bd89-5579ca5fd1ee,Devin Harris,398-698-8696x38769,-49.250961,-16.6310027
8c8ac43c-5615-4674-a963-543b549b3ae5,Janet Tate,499-631-7020x647,-49.2799591,-16.5978652
f669d6f6-5c3a-4500-956b-b190269b22d2,Dawn Sullivan,001-510-564-6568,-49.3017327,-16.6193208
f26db7d3-31a6-46ab-9670-b8872c97402b,Megan Bell,001-930-969-6461x55046,-49.2675437,-16.6080439
954b2115-66e0-4366-8300-cd6f7ebc7b12,Michael Harrington,509-653-5111,-49.2669018,-16.617546
a9512428-a926-453c-a784-a1a11ce109c2,Michelle Johnson,8256864565,-49.2449959,-16.6154767
7a1fe5f2-9342-4bce-8c43-6ea0c91c1fbb,Alexis Shaw,270.921.8071x17606,-49.2946611,-16.6374069
ca263e5a-028f-4dd6-866d-0b3685e2286f,April Edwards,302-595-5599x02029,-49.2672118,-16.5928067
fb0a237d-7372-4db0-92e2-60dd1d9d6833,Mary Rodriguez,(231)544-1652x610,-49.2910431,-16.6197322
901de11c-c984-49bb-901c-232c51c815a1,Michelle Buck,(204)679-5241x146,-49.2489173,-16.613549
e6d8adcb-54b3-46d3-8c32-ad254da2f2c8,Diane Padilla,(440)916-3932x41224,-49.2601669,-16.6009557
64735cba-a264-460a-b251-48d0d4a6cdc6,Michelle Williams,(531)756-4025,-49.2651015,-16.5932029
b4dfbbbe-b882-4f5c-af2a-2918be939c7c,Robert Morrow,+1-249-749-0093x2180,-49.2563012,-16.6047808
12de2523-20c0-4c73-a29c-666bf4e51d3f,Claudia Barnes,253.626.3601,-49.2667744,-16.5826604
e660f649-78ab-4316-8afd-689ddd6e4934,Erika Smith,+1-613-548-3449x1808,-49.2479937,-16.6133012
3380368c-4b7e-4db4-995f-202549cc2d27,James Burke,715-976-2785x33354,-49.2967509,-16.6261085
03418f5f-f33f-4a8a-afd0-a8b20397f060,Wayne Graham,(741)656-9820x78229,-49.2451024,-16.6248506
ec3eb62c-df67-43a7-8981-7f9e186df39a,Ryan Taylor,8256333474,-49.2646506,-16.5809384
1c0599f5-65e1-42de-9a8f-168639e10713,Mr. Ricky Lewis,967-708-1751x2813,-49.2855512,-16.6286637
60564809-fbc4-4a6d-ab8e-2b85ce9cd927,Samantha Leonard,+1-741-466-0643x3524,-49.2926697,-16.6242075
8c77bab5-ac2a-4978-b126-5503d0169fb5,Lindsay Hall,001-640-781-7759,-49.2722778,-16.6335649
f5ed862e-1f03-4807-b22a-79910cf7b946,Adam Perez,667-906-7477,-49.2821381,-16.6325329
577dcfbb-3475-40e9-9eca-b19ec3dba671,Jeremiah Davis,+1-777-515-3527x78127,-49.2784348,-16.6380835
74d14557-e5f6-4c6b-9f80-f2259bb649d9,Ariel Norman,5458135821,-49.2740518,-16.5796424
96d0c105-e0d4-45df-9d43-4c3f0ab5f701,Randall Barber,+1-820-568-3293x62060,-49.2415795,-16.6193384
0777ed82-9c33-480d-b547-3f870ccacf2d,Robert Garcia,(383)424-4053x727,-49.2971216,-16.6246201
3b78cde7-9e06-40f1-8e9a-b036ab7eae60,Nicholas Hall,(215)314-2967x97647,-49.2351107,-16.6314094
df37667e-b3d1-46ff-92a3-92969ac4a287,Mitchell Miller DDS,001-703-871-0209x2696,-49.2566838,-16.6100859
4dc81e50-06db-4eec-8183-9f7e247b1f4e,Valerie Chavez,336.911.8126,-49.2755055,-16.5703511
d0f2af9b-6daa-4058-ba6c-088d13c93ca8,Michael Moore,679-684-6819x738,-49.2499037,-16.6344891
5eab028a-7560-4791-a38c-a8534e9edb70,Crystal Brown,+1-350-717-0083,-49.2444183,-16.5741022
505f8567-f487-4753-97a6-27a6880d7525,Jamie Lang,(975)969-1488x5152,-49.2738175,-16.6384815
1ad77bbb-3b96-48ef-80b7-7d2295becc67,Amy Hickman,897-235-3594,-49.2710657,-16.5891498
615df951-c419-464b-8d7f-8f5b5c8780fb,Wesley Davenport,3763185534,-49.2827656,-16.6372089
30400017-f0f9-4c43-b34a-e70a34ae2376,Ricky Austin,001-224-297-0060x5501,-49.3009838,-16.6342773
cf326ff9-89c3-4cbf-a24b-8767bfa3e7dc,Mrs. Lauren Cochran,300-346-3931x0812,-49.2816467,-16.6374249
c4f16eb5-8bff-4a58-82ed-407192e7b7e6,Dawn Chandler,+1-326-837-1704,-49.2495277,-16.6152459
5f090995-3fae-40ca-b666-0fbf46ac1529,Zachary Mitchell,981.781.1567x74000,-49.2558092,-16.6199254
6a36cc9e-2934-46cd-bbd7-8ec066b4a9ce,Karina Morris,001-552-334-1575x83833,-49.2304605,-16.6316713
7184f2c3-a741-40d6-976e-92ffcd091294,Patrick Hale,+1-847-593-3703x492,-49.239879,-16.6126397
ff5c6ac5-e767-41f7-b1ff-1121ca4706fc,Amanda Anderson,001-332-732-7858x160,-49.2573611,-16.6153896
ad674d8b-afa6-46a5-b98a-c6a109e5a3e1,Matthew Schmitt,+1-952-802-6768x095,-49.2771387,-16.5982113
00ec98b8-4e88-416a-ae04-7be829e0431d,Brenda King,4237902926,-49.2928529,-16.6371216
d745b194-d243-4f0b-9c32-bba78a773b13,Robert Waller,001-809-683-1645x42579,-49.2681862,-16.5796964
f769a62a-a53d-4e7f-a055-3469b778baba,Christine Bell,(820)588-3600x400,-49.2292469,-16.6386127
dac2e4ef-16e5-4a75-a060-f121e48a903d,Christina Davis,7042446428,-49.2562117,-16.6135086
ae0fb943-98a6-49a4-8e33-ae2fdf16cccb,Travis Mendoza,(240)761-3241x89891,-49.2471533,-16.6256099
5205f472-a9c5-49cd-9d5d-ee0d02977845,Susan Ortiz,001-378-328-4854,-49.2817211,-16.6209639
e6190677-6fba-4599-9bf4-abc1f44dc56a,Karen Wilson,627.601.2529x0715,-49.2670699,-16.5975007
552281d0-b893-4c01-9c93-51dbb8f15eae,Victoria James,001-349-255-5470x56927,-49.257288,-16.5951834
846664d6-20d7-4ba9-b41d-ff3239956c3b,Michelle Smith,429-590-0147,-49.2944204,-16.605966
f36cdcc9-966f-4bdd-a659-9c3326ce3679,Joseph Martin,391-722-6125,-49.2360146,-16.6307867
d456530b-ceee-49fa-a5d8-4117cbac7099,Albert Owen,739.303.9647x2847,-49.2325327,-16.6287476
e127469a-feac-4b69-bb16-95b50a379636,Samuel Stanton,+1-807-779-7245x5160,-49.2441525,-16.6389876
cbb0c96c-eaa3-4c69-a3e5-14af06480361,Daisy Salas,361-523-8713x8788,-49.2279992,-16.6385261
042dafce-f5e0-4e97-97e6-afc4ad7bd1b7,Mrs. Brandy Mccoy,474-704-5245,-49.2828412,-16.6355378
ba043736-86b5-4560-892a-37c60c79e357,David Kennedy,001-672-775-7061x5116,-49.2877591,-16.6274612
28bee75e-5867-4448-b31e-d105482e20e7,Jennifer Mccall,374.563.2585x945,-49.2737888,-16.6337142
3a893e81-3a7e-480e-a9ba-4193967b46fd,Cheyenne Cox,001-604-456-7901x6106,-49.2420424,-16.6227738
554be58c-9794-4464-9db4-84f844dce213,Scott Hurst,001-215-573-2821x180,-49.2434695,-16.6110442
50c8a3e7-bd36-49df-9897-f42c51a083a8,Lisa Lopez,+1-845-351-3058x605,-49.2975633,-16.606853
73630d3c-cb72-436a-b535-6c24a21a697e,Brandon Terry,4948086971,-49.2284852,-16.6091125
447b6287-53de-4832-861e-a9359bb79b1d,Kathryn Huber,645-801-7815x6918,-49.2975747,-16.6205145
4248faaa-ebb4-4659-b0dd-5382e098a36f,Kevin Zamora,001-476-509-5830x04590,-49.2531896,-16.6196695
cf18ad3a-2672-412e-995f-d06942cadf04,Sharon Jones,001-587-222-2096x70338,-49.2603418,-16.5838364
b762e62d-0d4b-472f-8f77-30e8e894e281,Alyssa Lopez,758.220.1975x606,-49.2666051,-16.6088615
07ffeb5d-f91a-48e0-9040-6feb09dbfa89,Russell Green,(846)709-5081,-49.2748196,-16.6365676
047a415e-2bab-48f5-a54d-0fc71e0a0127,Robert Stephens,001-254-719-9506,-49.2668727,-16.5836676
7e5a0532-a374-4784-8955-4b67549ff27d,Chris Bryant,295-317-0614x5593,-49.3011955,-16.6232689
f9cffb27-b870-46c1-9daf-5d97f382c208,Christopher Simmons,262.328.2400x62070,-49.2448194,-16.6099796
6cc7b333-24c3-4a75-8944-b7c1754aa7d3,Caitlin Hill,001-762-587-8525x26530,-49.2511477,-16.622614
8d1c2c2e-a814-4ba6-afc7-35679302aeb6,Christine Webster,335.827.9450x23328,-49.2594163,-16.6007097
87eab489-a0b3-4b0c-b4ad-686842d8554d,Renee Tucker DDS,(823)970-0589x78490,-49.2544725,-16.6049317
3734e9ee-f9d3-4b9d-b4be-a8210dccb72e,David Wood,+1-737-403-8154x6446,-49.2441116,-16.575695
2702fc11-0a02-4c4c-a3c8-9e9cd90079c3,Jeremy Lee,+1-419-704-3006x336,-49.2638509,-16.5820119
8a956c0c-a988-4b86-9968-ecb67e078b83,Karen Johnson MD,904-997-9230,-49.269269,-16.5892802
f2406270-9b39-44f7-a4fd-0c37eee4915b,Joel Rich,001-720-596-4701x265,-49.2413578,-16.612942
356399f9-6118-4a36-9023-27557fa0a07f,Natalie Ramos,304.699.0166,-49.2913126,-16.6238271
9d15ca76-f82a-4718-be54-92ccc83b221a,Timothy Clark,281-977-8391,-49.2895059,-16.6007925
d6656b2a-e617-46a0-a3a0-033345dc83be,Cassandra Bailey,708.210.1598,-49.2831698,-16.6392246
ed829408-f5d7-4bec-aad2-146b34c21065,Edward Brown,001-602-563-1621x7716,-49.297093,-16.6103311
c4b0d9f4-92ab-4e45-ab8a-2c32ed33ae3a,Zachary Ramirez,(271)621-2407x4370,-49.2727547,-16.6328875
1cd2e593-405b-4a5e-b359-c4c47f1df135,Jennifer Caldwell,587-948-3024x49303,-49.2318532,-16.630992
14de364f-95e9-4048-8ab5-38066ec8baf2,Brian Chambers,+1-909-741-1462,-49.253676,-16.613566
78658518-b176-41b5-9113-5d4a1ccb765e,Ethan Gonzales,+1-849-431-9437x4773,-49.2541623,-16.6373071
8673a12a-a836-4e6a-a694-f53ad4fca4c7,Joseph Mays,001-210-471-0024x00399,-49.2654839,-16.6272634
dbeedc05-36ce-48cc-bdfb-5e454c8a7d47,Melissa Hardy,001-611-883-2432,-49.2988714,-16.6167149
17d40c7d-702e-41ec-8d26-619ccb8b7d09,Dawn Sharp,515.347.3336,-49.2867338,-16.6362557
bfe79463-ffdc-4552-8dea-192eeac46509,Sara Hughes,581.347.3333,-49.2887781,-16.6223602
69402909-b922-4ff5-890c-b43a37e17ada,Larry Carr,414.246.7963,-49.2524471,-16.6261941
d7f9b113-5f3d-4551-af88-85c48932b753,Michael Henderson,(943)639-3591,-49.2344015,-16.637738
1f46915b-d4ea-4f3c-bbfc-60153fe31109,Chad Bishop,(951)393-0026x81575,-49.2293839,-16.6377305
6785d551-ede7-40f6-b08c-e183bcd6e425,Kara Doyle,647-541-0014x42799,-49.2828412,-16.6355378
10cf2ff1-87fd-45c3-9aa7-b985df4cc266,Jonathan Ingram,(804)763-8576x96048,-49.2416453,-16.6157457
f7d25c03-879b-43b2-9e9e-03586c1507ca,Anthony Wilkins,755-442-2937x6429,-49.2580227,-16.5941701
4fa4a41f-f209-42ad-ab95-131f81a56ad4,Olivia Walker,+1-849-574-4156x526,-49.274611,-16.6139324
cf4d9f9f-cb54-4ae0-9804-8f84107778f4,John Murphy,823.699.1898,-49.2643098,-16.6043111
46008d59-a496-4f4b-831f-ec0872d03c9b,Thomas Johnson,+1-944-855-3322x37863,-49.2350105,-16.6258167
2c7dc49e-0b51-4852-a374-92d5d20658ab,Courtney Olson,878.681.5834x3834,-49.3019494,-16.624321
bf8409f7-1541-4ef7-a9f2-2dfc4b962499,Mr. David Joseph,+1-702-991-4757x0846,-49.2788545,-16.6365272
e942232a-5749-4c22-8b5b-1e6220590030,Jessica Nash,861.920.2522,-49.2593128,-16.5924132
f3758bcc-caf6-47d2-8e3c-c3f27a5d9c29,Joseph Lopez,418-619-6456,-49.3022475,-16.6375449
ceb48727-322f-4bec-b72e-bd74a194041f,Vanessa Mullins,(845)739-0315,-49.2806928,-16.6376537
d5a11783-d8f7-4dd0-9195-7c07ebf0cfc2,Janet Romero,001-584-721-5736x405,-49.2716903,-16.5907134
72fd087b-b324-46af-8d9e-8d96ab36aec4,Curtis Moody,4016388744,-49.2365285,-16.6316656
7be707e9-7e0b-49f3-a066-9a9ee17b0cfb,Nicholas Schultz,+1-803-667-3368x0590,-49.2842187,-16.6244962
55e4619a-8ce0-4d1b-92e2-af6d27026b92,Christina Kim,+1-583-518-3246x63743,-49.2713516,-16.5983845
ddd50b51-cb1a-4b71-bf2e-593a155b27ec,Ann Russell,873.706.2812x714,-49.2985355,-16.610913
f12993d7-62a6-42d5-aa10-a23d8c336955,Joshua Underwood,(767)584-4216x6821,-49.2438847,-16.6098577
a4a94b39-c098-44fe-b1ee-65f63461657b,Laura Guerra,(616)463-7853x05961,-49.256651,-16.6318503
304eb3f5-8da1-4ff0-ad84-d497911cc383,Seth Foster,001-835-826-7095x96236,-49.2705032,-16.6114521
88e3b360-91f3-4975-af9a-1fea35792e79,Donald Griffin,(836)297-5956x51796,-49.237563,-16.633424
4b7eb9a8-0a2c-41fe-9aa7-50bb41e9c403,Jennifer Miller,+1-252-914-8134x1181,-49.2990098,-16.6054529
cff2b1f8-c1d5-4713-a9ee-cbe91ea41956,Tony Arnold,(554)635-7495x50352,-49.255293,-16.6061528
24aed69b-0dbe-412f-8ddb-81aa25759c6d,Joshua Woodard,584-563-5379,-49.2875897,-16.6139607
254b8dc4-c804-43cc-84d6-523be32e5555,Monique Howard,710-963-8902x9763,-49.2975378,-16.6235718
8a3e2efe-3e8b-497d-a8c6-da16e9e1be27,Robin Johnson,802.792.1605x33281,-49.2832536,-16.6232997
0bcf0e14-bde1-4c9d-a05c-4c702ff7b8df,Timothy Brown,915-810-9526,-49.2964354,-16.6247719
45391e6a-98de-4c8d-9da4-04dc40106e90,Hannah Jacobson,(695)563-2241,-49.2597301,-16.6002676
b43da7e1-fb5c-40d8-927a-4950a06a1e75,Kelly Rodriguez,340.726.7528,-49.2661859,-16.5948612
c8d88b5f-91df-46ea-a4b4-0afbc18f7d56,Felicia Jackson,715.607.5494x9921,-49.2889917,-16.6267884
fb5be6c9-9e2b-4b82-a136-463a68ae570a,Joel Brady,(726)376-4158,-49.3016029,-16.5716016
27b6ee76-e3b6-40a9-b3e4-73e53ffd02e0,Mathew Hall,+1-878-280-7721x16745,-49.3020338,-16.6181478
e5bd50e5-9287-4893-8cfc-be855a82966f,Raymond Maddox,001-969-510-7623x3999,-49.2571133,-16.6162116
3b1d8d85-ff54-4a99-b4ec-ce2718aa071d,Samuel Floyd,(552)760-1439x57978,-49.2773797,-16.5749958
6cbfa6eb-c8ea-4999-93c7-b337d6711331,Patricia Roberts,5508569088,-49.3000177,-16.6231532
f7eaf5ac-5075-4faf-81b8-c32f7b538eeb,Jessica Gross,4606674622,-49.2914379,-16.5888427
68fbf21b-71b5-47dc-b698-09828529be00,Pamela Whitaker,+1-921-705-9191x72488,-49.3000576,-16.6233669
37610c41-3727-4e56-b0a2-8ff5ac39492f,Mia Kim,(410)685-1202,-49.2819336,-16.6341861
275ec85f-6c0e-4e3c-acc6-5510507a1348,Austin Lopez,001-295-658-9061,-49.2936431,-16.6236683
a1ac6933-66d7-45de-b139-bef85c174b60,Jennifer Johnson,001-349-599-0193,-49.2963459,-16.6377216
89884588-42b3-4848-adb0-642a7796c529,Kathleen Sutton,+1-546-373-3848x1384,-49.2674081,-16.622614
9baa13e4-2318-4b44-a452-982e01c3d74a,Billy Mitchell,8848800892,-49.2996906,-16.6162927
b5a49379-3c99-4d24-ac0f-c9d9efc3e693,Margaret Moore,+1-344-608-0274x472,-49.2333851,-16.6301766
37800f9f-5673-4ab9-87d9-f1b310b0c881,Zachary Arnold,(845)979-4185x6294,-49.298854,-16.6160689
8bc53c78-8fca-460c-b77c-7eebfc3d8843,Tracy Bernard,001-765-656-6997x113,-49.2949211,-16.6173778
4efe3046-ce9f-4a45-b174-3352bc429baf,Patrick Torres,001-353-758-8167,-49.2439961,-16.6094853
f6dcfbce-cbf2-40ee-a4a1-0079b4708e23,Ryan Rivers,001-860-232-8285x26562,-49.2624844,-16.5909223
ffde3b5a-d938-4c0a-86ef-cd228997601c,Michael Barker,6798790253,-49.2895375,-16.6207446
72d66caa-2632-4a1b-9654-1df1b1323052,Melissa Williams,402.535.4039x633,-49.3004266,-16.6278511
93ff0299-3b55-48f0-bb6b-a3dc3167f94e,Jennifer Mercer,715.895.4669,-49.278656,-16.6222079
2231fe62-7930-4ef0-b63e-916ce3ac044c,Kathy Jacobs,353.765.3546,-49.2534824,-16.6164358
582edd93-877f-412b-bdc4-e0f50172206e,Donna Adams,001-631-837-6558x574,-49.2967054,-16.6194877
953463a2-6dee-4401-a4df-99c586a18306,Mr. John Jimenez III,+1-229-584-3437x210,-49.2539267,-16.6251951
65f31c12-9b41-4332-8018-4968e409d416,Christopher Sanders,+1-633-908-2464,-49.2506478,-16.6117899
5410f7c7-94d2-43d0-b28c-aa3bf40d1281,Angela Chavez,+1-824-272-3522,-49.2494018,-16.6301364
8e6c4017-1712-47a2-856b-0117ed50204c,Daniel Curtis,874.339.3235,-49.2515313,-16.6029114
e450b58c-d316-4b05-b39c-20ef22efd210,Linda Hamilton,(693)236-9861x8963,-49.2839956,-16.6227284
7cd7a384-2462-4cf3-8c7c-fca6ed137206,Christine Collins,7949985341,-49.2512802,-16.6034332
0851d013-c111-4a71-94cd-6b21c3a0fcef,Kristi Washington,823.705.7479,-49.2394546,-16.6366068
be59315a-b877-41a5-8b7a-9c435ad4921d,Mrs. Tara Torres,(429)729-7684x637,-49.2440437,-16.5819123
15e1eb7b-5f5d-4aff-997e-30105e5e430e,Stephanie Munoz,(520)830-7292,-49.2805663,-16.5737057
c3ecb1af-2090-40f5-a13e-4d20f5e101e4,Dana Mays,454.283.6254x3054,-49.2757261,-16.6331761
d440318d-0d98-4ff8-9822-3ad7f4ebda4f,Whitney Daniel DVM,(669)733-1182,-49.2432251,-16.6375181
2dd2d79b-75ff-4480-b8ea-4db69de9fbc1,Kristen Caldwell,690.337.3302x47173,-49.2806166,-16.6327451
6082aeb2-5d7c-4b8c-b53b-60320444bc85,Carmen Saunders,489-313-8997,-49.301272,-16.615371
e513b44a-2204-4946-8493-36ad30d3629b,Natasha Martin,001-211-723-7035,-49.2750087,-16.6293495
723abda8-b534-495d-ba56-050f00c220cf,David Bishop,4998839661,-49.2851155,-16.6292639
4afd70cf-6853-4c78-a0ef-2db284c8ee56,Marissa Jones,001-468-744-6338,-49.2952519,-16.6387942
5efedce7-6a56-438e-837b-dbfe9a9cb753,Trevor Ramirez,+1-885-654-1787x362,-49.3022265,-16.626622
b1df9dbd-fcda-47eb-b800-a2aa6814acc3,Angela Hubbard,559-770-8691,-49.2774433,-16.6219686
7606a4b0-f2e5-4ee7-9cd8-1733f6b16a17,Ryan Griffith,6633754596,-49.2329444,-16.6274969
611e45ae-5987-47f1-8bb6-7273fecb55a3,Gregory Suarez,+1-202-686-0145x97034,-49.2816775,-16.6333753
ce9cd915-7fd6-4dc6-b23b-6cd4e1c67f4e,Sheri Taylor,001-913-781-3929x3703,-49.2438847,-16.6098577
58b11efa-b4db-4a73-b1ec-fd21ad0d1703,Warren Garcia,913.548.5354,-49.2842107,-16.6254577
59a66bc8-0c50-4cea-bb80-65063469b8d7,Charlotte Walker,912-317-4063,-49.2334559,-16.6365366
272a6424-ba72-43db-bb22-aab04ba58d10,Nicole Morgan,509-299-8146x3767,-49.2679383,-16.578069
975fa41e-7380-496f-a003-692dd3ae6649,Rebecca Duncan,(795)794-2439x43175,-49.2367137,-16.6204851
f382be17-40be-4e31-88c4-71e6c5cd1931,Melissa Fox,476-912-1496,-49.289331,-16.6238324
11b5c61d-e20b-4d42-b524-eb582b539c98,Troy Vega,+1-250-207-9250,-49.2676884,-16.5990206
5cbcf045-ee19-41f1-a675-30ad19a5cdff,Michael Gallegos,(263)514-3032,-49.2794913,-16.632671
5cc6da88-1ef5-4916-af67-8fdc6660aac4,Crystal Gordon,306.260.7591x288,-49.2558631,-16.6031194
6e703d2a-a292-4851-9e94-15bd08473abf,Jennifer Garcia,001-640-640-3866,-49.2443422,-16.611401
4e6557db-a745-4570-b068-793410948407,Richard Barrera,950-202-3366,-49.2675099,-16.6381902
74104b08-ce2f-464b-b689-8bf251382d4c,Tyler Garcia,+1-221-713-6653x87205,-49.248284,-16.6158268
1dd20f86-1891-4948-b4f5-6ee7de0efb50,Annette Pope,736.884.8488x284,-49.2932202,-16.5854752
de9cccd6-a819-407a-9159-174eaadafbba,Sarah Booth,001-676-533-4823,-49.2917314,-16.5801357
a7eb5309-c27d-4753-b933-2e49bedfa657,Karen Gibson,001-555-419-5041x068,-49.2437359,-16.6288514
9534b2b2-ac1e-4e0b-bb36-50acae4111ce,Mr. Joshua Patel,464-776-5985,-49.2451038,-16.6167377
f809e93b-8da7-42cb-b3fc-34dfecbb7a8d,Lisa Roberts,001-320-531-2688x44392,-49.2984488,-16.6117765
8caf1a56-02f4-4326-b98b-0d290fb9439b,Lindsey Pope,001-455-420-1419x90984,-49.2792489,-16.6363129
46f1868c-8d54-49f3-99ad-06a2fd79f880,Sheila Hansen,001-513-597-2135,-49.3024188,-16.6345317
68c89dd2-95dc-42fa-9309-184fbce47577,Angie Yoder,001-317-679-2408x3900,-49.2674081,-16.622614
3c803e3b-ca3f-4c1f-9171-9154e9c6c943,Steven Reyes,797.357.9809,-49.2830785,-16.6201067
84334fb9-6da5-45af-ac20-4497a4f353e2,Christopher Kelley,+1-787-206-9958x58392,-49.2796704,-16.633621
d275d6ae-b8f2-4b37-bfb3-6106d2ea62d7,Greg Ortega,868-312-5011x4001,-49.2569644,-16.6100313
f78c14fe-b1ae-404b-9297-4a10c186ce6d,Anna Perez,+1-334-989-7311,-49.2318146,-16.6388871
1dc16f4e-703d-4052-ac79-223cff48f060,Jeremy Roberts,(669)491-6472x52316,-49.2529784,-16.6011332
c79fcd61-08bf-41c6-b4ae-81fa85692a08,Katherine Banks,+1-955-905-6694,-49.2904192,-16.5791866
ea7bc67a-759a-46d6-9e06-ed422e7dead2,Linda Dean,001-874-677-4999x5102,-49.2929915,-16.6248671
a75e743e-a431-4f93-983c-70e645ff6f5e,Allison Rosario,(343)789-9419,-49.2983688,-16.6125735
cb290911-e64c-4af2-99bc-9fe4dc7dcf1d,Marie Lewis,233.552.9105x49922,-49.2972201,-16.6229718
43da969c-e388-43c8-ac91-5ffe5481802f,James Thomas,640-405-7929,-49.2537145,-16.6280418
fb290718-c7a6-45d6-a4cd-d2e57ad0bc4b,Aaron Mccann,+1-272-288-1332x7285,-49.245057,-16.615469
174a60a5-6a54-4ef8-9444-caa22c538666,Maurice Miller,001-403-482-1046x644,-49.2643098,-16.6043111
e7059cdf-1ba8-4b22-8dd8-543a3682280e,Miranda Giles,+1-217-823-5192,-49.2534824,-16.6164358
2e4c370a-1b35-4bfb-b20d-786bddc3a84a,Toni Jones,454-500-0855x57033,-49.2433066,-16.637635
aea008cf-47af-4719-ad3f-4453061fe53c,Robert Mitchell,753-681-0089,-49.2454492,-16.6124887
f11d9024-678b-4cc9-98b8-04eb9e772b2f,John Schneider,8248911174,-49.2718817,-16.5906383
ac035978-8272-406e-91d6-68f8bb248e0b,Brad Miller,(326)620-7615x732,-49.2539793,-16.5997865
d7be6a99-d479-4ba2-9f30-a64c26b88a64,Kathy Reyes,8477927030,-49.248616,-16.6084698
9e6fca77-946f-48d8-ac15-3c69a854fbd4,Shelly Taylor,001-806-807-2664x499,-49.236519,-16.6133071
0b3fad55-eb0f-447a-b507-749dc3a50303,Dorothy Lewis,670-232-3657x72513,-49.2422702,-16.6219663
a76b7ba3-d299-45d2-a7d3-27bb61b4bb07,Mrs. Jessica Edwards,(761)397-7506x927,-49.2900676,-16.6366996
4e98c71f-fd34-4914-8e53-0f2060f0a8f3,Jessica Jordan,289-943-8059x23760,-49.2630185,-16.5847917
8f2b8a42-2989-473f-b2d9-bb842f14bc77,Joshua Porter,976-894-8314x902,-49.2609494,-16.5868361
91c30ca2-ee41-4e30-ae2b-f7ecea3e5f9c,Sheri Thompson,001-509-271-1225x420,-49.2587523,-16.5968373
49b90e10-dd16-423e-943b-82491d15bce6,Robert Edwards,+1-881-357-0950x458,-49.2985124,-16.6141107
3595c583-f4ac-4ee9-bd2c-a1e43f359f52,Marc Scott,857-200-8637x30965,-49.2766913,-16.62526
6e6aceb3-b412-4b66-97e5-f3f86d33a54f,Heidi Gordon,(924)719-1612,-49.2480614,-16.6078541
94665752-1c94-42f9-a141-c7186f0f6d09,Christina Roberson,827-235-7383,-49.2550837,-16.6220337
458f4643-59b2-4fe9-8e33-65f0d22801e7,Morgan Farmer,277-458-0765x31704,-49.2468639,-16.6182076
7eb8bb76-3570-4175-a49d-02af60c6bfd8,Tiffany Hull,(733)392-6423x7103,-49.2835857,-16.6172826
e04875a7-a014-4510-82c8-eb2ef7784858,Debra Luna,898-261-1087,-49.2609019,-16.5900455
9f4dac63-7b58-4fd4-bdcb-7c1d133a9469,William Hunter,(299)906-2904x492,-49.2625487,-16.5812709
cc104cf0-c57e-4f40-8f77-f85de995210e,Richard Savage,910-925-4082x894,-49.3029023,-16.6239069
9d48a104-d009-4e90-a9ca-84026059191e,Karla Garcia,(817)914-5119x9599,-49.2514649,-16.6368967
f1823140-bea4-4ddd-bdc0-af37737dfd6d,Amber Rhodes,376.283.1917x437,-49.2567627,-16.6085217
ddb7df00-3f00-4bd4-9ea4-e83423196038,Johnny Boyer,001-655-485-8130,-49.2473016,-16.6290911
ce3256e4-4b89-45e1-b23d-9a213399a985,Andrea Farley,(504)545-5898x104,-49.2643098,-16.6043111
4316fb60-8668-40db-9955-67fb341c1b25,Jessica Ortega,001-999-224-9309,-49.297174,-16.6149408
5ca98bdc-788a-4393-80ca-523fb473c965,Misty Barker,001-369-211-1159x98179,-49.2929915,-16.6248671
370b0e9a-16b9-4657-b717-a42240460f08,Diane Cox,690.837.4154,-49.2841087,-16.6243608
642fe4af-3210-45d0-a81d-2eafdd65a6da,Patricia Weaver,933-306-2495,-49.2983932,-16.6165616
80f297ef-914e-4e25-bffa-356b6613a34b,Charles Jimenez,643-910-9630,-49.2796704,-16.633621
c283b121-bee4-4ede-ab6d-590102a2d378,Barbara Nixon,642.466.4445,-49.2602293,-16.5892096
50bbe9d8-2531-4707-94fe-463c76ffb83a,Christopher Lee,001-734-371-9824,-49.2566838,-16.6100859
2ba80985-f9e9-4c02-b225-ae31ca67ff79,Katie Robinson,(380)906-1640x797,-49.2598636,-16.5917011
8fe63be8-4d9b-4642-9478-953f1a3e0458,Andrew Brown,3995485465,-49.2538609,-16.6197246
6baff93a-caa3-4e33-9b37-f3e723da1de8,Lisa Fitzpatrick,+1-770-771-4797,-49.2845818,-16.6270057
8974426b-ac99-4b7d-bdd9-2ff0c9b6d461,William Garcia,001-309-344-2784x98502,-49.239557,-16.6389298
349d37b1-7d21-4190-85f9-7fbc2a8c94f0,Suzanne Craig,001-892-236-2780x4574,-49.2801955,-16.6381795
b489782f-4ecb-4b91-bddc-3e85a9eabcde,Bryan Garza,(963)339-8530,-49.2655829,-16.581287
eb261a13-1e5a-4fdb-88b5-cf83ecb0be3c,Joe Tanner,303.568.6620,-49.2788164,-16.6364348
b3d6887b-1e7a-49cb-b6cc-aec9422589a8,Danny Bell,+1-246-837-9112x5632,-49.2442657,-16.6155281
992c3741-5b89-49d8-b06c-c0d627a3ff5f,Katherine Fisher,674-463-7301,-49.2962145,-16.6116137
8322e1a1-77c0-41b2-b0c6-a7f5095c6b9d,Paul Spencer,+1-739-290-1106x69936,-49.2840963,-16.615168
81b839f8-a45d-400d-80e4-20bb39c93ac7,Victoria Nelson,450-566-7885x925,-49.2890396,-16.6269243
3da47f20-2e92-4349-a61e-9d2b76a9864b,Amber Abbott,(465)314-3927x0967,-49.2966163,-16.6188826
61085a12-cc53-4ad0-84cb-e4861ddda162,James Wong,958.725.4126x315,-49.2799331,-16.6354206
e805606e-7cb3-4d7f-9cc7-49b1ca265d87,Sandra Hall,(771)472-3270x261,-49.2518987,-16.6212957
ca5ce8bf-de25-4390-b6ed-78af399eadb1,Margaret Anderson,(446)370-1446,-49.2604018,-16.5993374
751b993f-da7b-4c17-a2d3-9539eb320cc9,Carol Johnson,227-855-6984,-49.2583097,-16.6020268
87f65525-70ec-4b00-99d3-bff232fca1ab,Leslie Moore,+1-752-314-8738,-49.2987803,-16.608283
08adbea3-60eb-4b38-8f74-e8c12f2c9783,Miss Nicole Ramos,001-722-245-5964x50507,-49.2520431,-16.6094775
55c02260-41d2-4cba-867c-72164b793a72,Roger Barnes,001-965-215-3792x988,-49.296418,-16.6175364
804ab679-311b-408c-b0a9-55721b07cb77,Mark King,7526808637,-49.2732267,-16.5954438
6bead6d2-1375-478f-85f9-4bb2f20ce102,Eric Nolan,953.462.5895,-49.2322978,-16.6355931
ae27d2de-de89-4ae9-85bf-ac317e98afbb,Troy Becker,+1-234-642-5471x2185,-49.2533183,-16.6004528
1569c93d-a3e0-469e-b3ad-e2e61e2fc5b0,Desiree Weiss,001-828-509-2439x13043,-49.2515468,-16.6195413
b9d956ca-08db-406c-b004-d225387e2654,Alan Price,566-837-8800x0950,-49.2568511,-16.6043528
f7e910ae-b120-4656-8520-da24ee9f6be8,Jocelyn Strickland,+1-684-266-7408,-49.2505054,-16.6155573
5cbb5041-535d-4b0e-b321-4f4ad80e5756,Jamie Walsh,(594)461-2708,-49.2509573,-16.6163468
ea4eb64f-9f18-4c6d-86bb-9c24d886f010,Eric Acosta,001-696-805-7808x7346,-49.2864453,-16.6204533
c1b22de4-1994-496a-8991-6185a6e96c34,Jesus Martinez,(402)301-6643x804,-49.2948279,-16.6071205
aa3160d2-9c5c-45ed-b918-8bc0616c650d,Stephen Finley,7027126724,-49.3025603,-16.6252244
cec7f8e5-e0bc-451b-9ef5-202ec8f966af,Todd Williams,286-286-3142x6655,-49.2962145,-16.6116137
ba4e7e24-6a03-4478-9791-54f205072283,Mrs. Katherine Benton MD,858-656-5971,-49.2394546,-16.6366068
db8119cb-da5b-46a3-b96b-a24718dc6f63,Jay Walters,520-543-0920x698,-49.29465,-16.6155095
0be4315c-0cdc-4af4-8a30-db2ce49027fd,Robin Wright,+1-935-276-0615x8176,-49.2831092,-16.6215418
5d6d8282-2625-4087-9600-8cfc27a80547,Robert Jones,535.970.5237x5212,-49.2687634,-16.5855134
a1109c06-4664-4325-b27a-70b2fd796a39,Richard Cain,(268)277-0344,-49.2763924,-16.6245962
d4a9143d-578b-4b61-afa4-5b474583cf6d,Jessica Anderson,569-206-4736x04601,-49.2527654,-16.6097872
26d48c3e-4eaf-4382-8228-507d6c8b2cf2,Michele Reyes,220.603.2155x5114,-49.246337,-16.6164992
8edc2f95-5837-40dd-be69-6b95567a0bae,Elizabeth Foster,870.343.9549,-49.2617834,-16.5910251
8b650b01-51c5-401e-a19c-146ad10f5854,Jill Nguyen,(360)543-5644,-49.2958527,-16.6157201
6ecd52c7-3b11-46f1-8b84-e901c3586423,Susan Brock,(470)554-6771x85918,-49.2370502,-16.6282233
2b458db4-3d2a-4a07-b7ba-58c5b65f5316,Sarah Kelley,(797)572-5542,-49.250163,-16.6154507
0c106965-6a1c-4afe-acaf-79cbd17b50c3,Gabriel Douglas,566.311.5174,-49.245508,-16.6149082
8fb41372-c168-47ca-b1e0-c1825f405bd6,Lauren Wood,(640)732-3086x53821,-49.2303506,-16.6346987
79b1420d-4911-4543-9137-19bd77a03675,Sonya Martinez,(999)334-9867x587,-49.2998062,-16.6141129
5dc57232-70a7-4e8c-9947-ad69a8e2458c,Brian Merritt,(900)842-9623,-49.2424054,-16.6190551
e65b2efd-788a-4ae1-a968-4ada5d1ad7c8,Laurie Roberts,+1-388-571-8962x3004,-49.2675762,-16.5905746
0bcb3921-fe69-41bd-9735-cff946f8b33d,Johnny Robinson,(828)875-8596,-49.2913067,-16.639203
000d5294-ae60-426e-b642-083ff30cc0ac,Jennifer Blake,(781)302-5939x68134,-49.2937942,-16.5835086
728d7c41-0595-4f4d-8c2a-340d74f2a37e,David Sanders,001-261-317-4470x71500,-49.2825489,-16.6349829
333480d7-bde1-433c-bb5f-95c068d0de03,Crystal Wood,+1-507-603-5239x86103,-49.2968464,-16.6196536
b0eae836-461f-4716-a434-8b6be0bf9995,Logan Gill,579-276-1093x8181,-49.2504009,-16.6125468
9ed4873e-e50f-403d-8d13-4c85e21f9238,Grace Rodriguez,+1-400-297-5051,-49.2688197,-16.6386497
44689b6e-f20e-4e80-ae3e-df7e4fd8fbea,Jeffrey Davis,001-795-260-6796x09275,-49.266327,-16.6361919
c3fdc94b-d285-4804-ad78-b30c801927a2,Amy Lee,989-426-3833x9730,-49.2562117,-16.6135086
e6272fbe-0c44-41f3-9d14-1ed64c0315e8,Robert Wright,(701)674-5854,-49.2525564,-16.6370816
b9fc6fc8-adfb-4294-bb2e-802ac80cd128,Cody Miller,202-565-7729,-49.2592189,-16.6055751
187f083b-e62c-45e4-953b-4fb0cfdc2fb2,Arthur Robinson,+1-641-713-5848x0204,-49.2707084,-16.6346845
a5c67f8f-d45f-4110-9580-32df11414ca5,Justin Robinson,001-554-347-1736,-49.2847526,-16.6163561
fa273d75-a60b-4ec4-bc5c-a68551eac592,Ronald Johnson,+1-853-203-4164x27473,-49.2648905,-16.579821
66af7e4e-9f05-498b-9052-4adb57e59fe4,Kathryn Hodges,(571)496-6985,-49.2600354,-16.5865598
c028343e-bbf5-48a3-a71d-57b193ffb636,Tracy Page,(765)752-7576x288,-49.2549853,-16.5984139
0e890c1c-da21-434d-9bbc-c6325d1c3dfb,Jessica Richardson,(426)850-5454x66877,-49.2344015,-16.637738
368d8c1b-cfd5-4e29-a616-addabb025ba7,Christopher Vance,502.899.8489,-49.2953059,-16.6142102
068aed38-3034-42c1-b5c4-09106c5e3826,Mary Hill,9085257612,-49.2992669,-16.6369913
ca29829e-6ab3-4457-8037-83aa3e147824,Kathryn Cox,351.612.3022x4758,-49.3014815,-16.6276051
4ce9f24c-7dad-40a9-aeb7-bf9e98fcc38f,William Mayer,(558)380-1981x130,-49.2605548,-16.5848431
9fc1c074-fe07-47a8-931a-09d9054ddfab,Todd Carroll,(246)714-8925x2681,-49.2570702,-16.6040639
85bc34b6-795c-4deb-bb70-0ec3a981eba5,Norman Taylor,+1-285-770-2845x00622,-49.2611327,-16.5936064
fa820377-856e-44d3-9c1a-d3d047459484,Michelle Duncan,573.536.7623x6493,-49.2537276,-16.6154932
b10381c7-0f9b-4599-898f-44e5060fdd38,David Reyes,856.230.9432x544,-49.2436994,-16.6133687
7740f312-4560-4758-9ac8-a2fc0b0c6ae1,Tiffany Booker,565-500-6524x5841,-49.2919661,-16.626874
1bbfa52d-d988-4a93-bf5f-eb819631363e,Jessica Carter,229-202-0575x4053,-49.2912106,-16.6165992
3fda41be-20da-4f58-9e0b-1d59d62b42da,Ana Bonilla,001-615-432-8384x668,-49.2991044,-16.6209234
d597306c-4dcc-4698-b009-6e7b94e56b5c,Joseph Johnson DDS,+1-369-549-0956x52733,-49.229935,-16.6379791
76fdcd14-4608-40a0-9979-ea7626a72b94,Joseph Coleman,+1-859-771-2327x52052,-49.2917062,-16.620509
a4fe9c13-a4b9-4d6b-bbe1-48b9b6a09495,Brett Lee,(584)886-4194,-49.252748,-16.6097252
6a0d7b3a-f95e-43e5-b0d9-bb704e9b095f,Juan Ramirez,911.882.7027x953,-49.254367,-16.6167003
0a76ad6b-70d4-4ecd-af3f-2a50f8487954,Paul Wood,001-770-334-5529,-49.2792489,-16.6363129
fa7b600f-0895-4636-9fe2-4862bd498a0e,Eric Stevens,202.383.9439,-49.2758274,-16.6138578
70f005b5-1881-418e-b031-b9cbcf0e9339,Ethan Wells,(323)302-6020x58668,-49.2306661,-16.6336974
98441d7b-417a-4699-a899-1e98d35b37b3,Lindsey Kane,(669)818-5281,-49.2795128,-16.6334981
8fab1d8c-9129-4c98-862d-9092f4147a31,Megan Kirby,+1-529-905-3569x77599,-49.301018,-16.6204656
2c2b9d88-bd0d-4435-ae01-82596f38502d,Nicholas Pierce,4959332482,-49.2432251,-16.6375181
ef1a6f94-a6f4-4c27-88ba-ced007f9817c,Ronald Buchanan,001-605-607-7998x1603,-49.2584856,-16.5852238
a9aa6ee4-afd8-4966-a174-e1ebd15fa63b,Stephen Haas,(298)394-6729x358,-49.2394833,-16.6075022
b89d42dc-3596-46c0-a1fc-3d2af8b6e91c,Timothy Williams,659-774-1637,-49.267365,-16.5886892
21497482-e083-46f2-b182-6f0d24a5328b,Jacob Matthews,965.950.1040,-49.278541,-16.6387569
3a306ba3-4c42-45cc-a65e-eb5d47b841c4,Brett Sanchez,721.936.6209x9940,-49.2380804,-16.6210638
03f51c30-2682-4ab1-b107-d7a92bb64dd6,Lisa Hernandez,(578)742-7190,-49.2523601,-16.6213795
60e2a49f-723e-4b27-bd3c-8e6306469f45,Ricky Stokes,(480)998-6685,-49.2869602,-16.6384959
0e3c98cb-d01e-4ad9-a332-b74141bd3149,Caitlin Bullock,+1-968-402-4248x400,-49.300736,-16.6186226
6257d6b6-91fe-4d06-b5fd-91b58b49e95e,Trevor Holden,001-206-580-9374x31628,-49.2993755,-16.6119839
a3511825-a6f6-421f-a122-daac1d1b83d0,Kathleen Rose,583-561-6966x65302,-49.2826597,-16.6355262
a04dacd3-739f-4fa5-94b6-cbe6ddcc1835,Christina Franklin,546.698.8909,-49.2837435,-16.6192478
f8a5dbb3-2c44-413f-bdb8-503dde985f69,Susan Fisher,(469)668-5577,-49.2441116,-16.575695
83f291f0-a72c-4299-82a5-c9b6d85d8931,Jonathan Tucker,409.546.3713x0099,-49.2537145,-16.6280418
7dc2f645-7e59-4095-979d-f56a7a49eb45,Karen Rogers,510-591-6407x6717,-49.2749879,-16.6351109
18107188-d5ec-451f-8b9b-dff426974639,Francis Smith,945-419-4528,-49.2507139,-16.6041808
b6704c20-7e08-4eb4-a0c7-220035b66913,Regina Conrad,(591)594-8319x531,-49.2831698,-16.6392246
da59dad2-d26d-4abf-9039-0cb9bbefcf45,Rodney Pierce,216-878-1214x024,-49.2499581,-16.6129017
c6a8a246-036b-4212-999c-86da3d8776b4,Antonio Rice,606-638-6231x640,-49.2831004,-16.6208097
c1225681-2ff5-459f-bde9-eec3dfc563a0,Anthony Jefferson,001-457-294-4528x3397,-49.2477052,-16.62845
07aa2ff9-0c99-4bd3-ae35-75a977a647cc,Michael Valentine,+1-803-310-5129x90280,-49.2690502,-16.5865099
05cc7923-863e-4798-8874-a9a0a21f77e7,Angela Garcia,631-376-1003x69145,-49.2927984,-16.5946495
a8a26c85-599c-43b9-8592-3e99170c1b2d,David Tucker,+1-965-990-3803,-49.2669802,-16.5846625
2bc2aafe-2e2c-4022-b001-9c7fcc5e9562,Kathryn Taylor,001-311-416-4159,-49.2445893,-16.6011649
9b58331d-0653-4bb0-8d8f-6c14a66e9bbb,Zachary Cardenas,834-325-2960x1285,-49.2671175,-16.6175053
203c4672-a974-4d31-8ffd-4a745beccb8d,Michael Chavez,491-398-4873x05990,-49.2957619,-16.6393284
94207b7a-c515-49f0-9dd8-127b4175e214,Lisa Bass,420.874.7077x415,-49.2862465,-16.6286595
8f9e5b53-e85d-49b4-9935-77f07debd8de,Jodi Walker,001-412-354-7357x244,-49.2889891,-16.6373662
4fc05ccb-e8d9-41d4-a038-ba131d463870,Darryl Todd,658-514-9295x812,-49.293121,-16.6377159
5a44569a-fb10-4afd-a53e-d538fde990d4,Andrew Robinson,994.946.4788,-49.2930475,-16.6249934
6dca332a-7348-4aac-be42-beeb8deb7580,Jill Klein,467.273.2698,-49.2489173,-16.613549
3524119a-15e5-4fd2-b394-26701d7c61e2,Daniel Contreras,(743)672-0172x70947,-49.2970926,-16.6221649
9b8db8c8-4d9f-428a-8f88-cdf904c28bf3,Deborah Hall,+1-411-623-6516x05543,-49.2438675,-16.6093271
2c6c9a45-0004-49dd-b74a-36317f20ecd2,Thomas Thompson,(906)803-4590x2736,-49.3022263,-16.600074
bdf1d9d8-f0fe-49fc-8840-5165cc62cd9f,Lauren Johnson,754.655.6571x82049,-49.2836553,-16.5847075
8cad0419-2971-4b3f-bec3-eb4922c0f40d,Thomas Maxwell,6816284964,-49.2803466,-16.6356509
bba2f22f-b4be-482e-b930-e8412f10213d,Laura Hernandez,(264)440-0297x095,-49.2687997,-16.6020778
fd2e5c2d-35fe-4047-9beb-16fe464e74c7,Richard Warner,7306066360,-49.2422428,-16.6124539
d66f416f-e447-46ea-bee7-9e3a95f55a62,Amanda Alvarez,001-886-551-3388x557,-49.2694157,-16.6005854
25b21f2b-28e0-4156-b8ec-74ab99cf3fd9,Barbara Barton,(231)553-5409x304,-49.2730497,-16.5929061
5309b685-59e7-48fd-bfa7-4c788b8349d5,Daniel Foster,(384)689-8832x454,-49.2953027,-16.6340779
d7ad3c5d-d6cc-42a4-aa62-f44c8ab0a879,Devin Anderson,+1-892-290-7383x035,-49.2943186,-16.6091769
0355e012-149d-4c94-8108-6b01976e4a84,Veronica Jimenez,254.678.2032x7344,-49.3022148,-16.6124792
dac49795-997b-4cd9-9fdd-cd3392e52db8,Steve Johnson,465-369-8270,-49.2676884,-16.5990206
690d4086-a673-4294-b343-6d8d7c788416,Michael Murray,253-708-6472x617,-49.2787621,-16.5698334
387664d7-f353-4e7a-bb06-ad46d2eceb40,Michael Smith,626.909.1975x34219,-49.2428698,-16.6200012
42f617d5-74ff-43a3-834c-1aaa50e69a64,Kenneth Gordon,597.701.5894x7236,-49.2795289,-16.6342118
18bf70ff-f12e-4608-8a4b-3cf62a728af4,William Mcclure,(671)599-3875x315,-49.2859969,-16.6252022
38c35a5f-2dbf-42fc-85dc-af7f3b26336d,Brandon Davis,857.750.3340x60508,-49.2920084,-16.6177617
3a12bed3-e4d8-49ac-a350-eab59a95d3a4,Patrick Buck,677-979-0818x13378,-49.2318146,-16.6388871
d1c59917-8bc4-4d75-8472-820e7bb6e1e2,Micheal Osborn,(421)879-6125,-49.270072,-16.5951291
9f864ae8-66ff-4b04-a43b-1fdfa554ed49,Janice Payne,410.631.7609x88451,-49.2667496,-16.593186
8e0a7938-63fa-4ac8-a668-946dca6447eb,Rebecca Valdez,936-447-4776,-49.2965632,-16.6088409
f44bc369-e78d-4c15-bc28-a82e46cc56c6,Mary Jones,+1-323-394-1492x550,-49.2422336,-16.6377684
ba9c96d1-6691-4711-94ec-efb9473ba925,Jeffrey Simpson,+1-237-898-6611x619,-49.2932202,-16.5854752
9dc4175b-b339-4b15-b354-69eb171cc1fe,Brandon Ward,001-376-684-7010,-49.2531997,-16.6195096
f4973842-d7ee-4ad0-b97a-a302e9699383,John Rasmussen,778.208.9412x1027,-49.2805984,-16.6033367
aa65168e-3986-43d3-a167-529673cce0b9,Megan Norris,282-799-0871x561,-49.3011955,-16.6232689
adc8dc99-7f31-456e-8f53-75e5e19ba68e,Tyler Meyer,4745863759,-49.2647261,-16.6025037
b0588745-6148-4b5f-8e34-c36eeb1be1c4,Kara Mckinney,(770)502-7593,-49.2643681,-16.5912509
8824cf67-0dc4-496d-816f-dd6a17616524,Kevin Williams,+1-621-829-7881x48490,-49.2674636,-16.6032237
6ab324d8-e8cb-49b9-8e53-4bdf85b227ec,Ronald Hernandez,587-633-9531,-49.2548463,-16.6145141
8664415d-ca87-4499-9333-2b03f9a733aa,Sheila Cummings,(622)250-8850,-49.2668727,-16.5836676
9f87d82c-faab-402c-80bb-aef6727fc144,Shawn Hernandez,+1-313-603-4447x06401,-49.3015149,-16.6168812
131d0522-6727-4423-8b98-8bf2aa2cfcec,Stacy Michael,424-448-1925x0316,-49.2834838,-16.6161637
65b34d9b-f7a7-4b50-b162-7e107e2fc406,Amanda Carrillo,971-305-0192x94996,-49.2585217,-16.6140613
22fb6f14-ea98-47c6-b3de-916b088d4cbe,Catherine Smith,513-835-4000,-49.257311,-16.6034089
fd6bb242-190f-40c7-9d5c-05252f40ecf3,Mary Jenkins,2149116581,-49.3017517,-16.6265125
26c19ddf-7cb1-491e-a46c-808d83ebb193,Johnny Baker,001-806-657-5861x991,-49.2955736,-16.6159438
3abc8edd-0b00-4d90-80aa-2c28f1fc12c9,Kevin Robles,3899719885,-49.2466775,-16.6150343
218c14ea-a61a-4da9-9baa-f454cd9ca99e,Crystal Mcdaniel,912.959.9556,-49.2645551,-16.5793488
5686198b-5e11-474a-8e36-ad6465673ee0,Emily Brooks,860-854-4732x43604,-49.2963797,-16.6108092
97880c50-8854-4fc1-9157-a242dcc64952,Richard Miller,(983)657-9006,-49.2649873,-16.5848554
c8fe9697-cbf7-498c-a113-b511c0adfea0,Kathy Garrison,(224)665-6347,-49.2435648,-16.6131814
c170c133-c57b-46a4-97ad-6ec848aa0023,Joshua Mcclure,(745)337-7657x54625,-49.245743,-16.6138114
e9e28887-0bed-4f2f-b680-8ef80d236e47,Matthew Gonzalez,(270)855-5501x8025,-49.2937942,-16.5835086
b0638a38-9a29-43e2-98e1-14821c185dc0,Chad Peck,001-235-720-9609x32495,-49.2863561,-16.6352384
1e6ae801-1db1-441c-8f22-0db481a6f088,Tyler Savage,564-585-9397x672,-49.2882004,-16.5859122
2d853a6d-5b5b-4e22-a45c-a8afc0602fc9,James Thompson,+1-286-465-3353x8760,-49.2926508,-16.607325
538e6a72-a16f-4cbf-8566-cf043727642c,Elizabeth Ewing,+1-640-276-9155x308,-49.2675084,-16.6177262
68546ab0-065e-46bc-a12f-fc70052e7793,Lori Collins,555-724-5534,-49.2567715,-16.6162331
e73d0e80-8146-4767-9c2f-c7dfb32c009d,Brooke Stein,379-501-4690,-49.2469149,-16.6235888
79137c60-47cc-49d2-bd5a-605ff8334ce0,Ronald Rodriguez,474-221-2706x24463,-49.2964441,-16.636479
a32e5a7d-5622-48f1-b34a-9076d2423730,Dawn Johnson,(514)676-2167x416,-49.2534337,-16.6208198
8b4c551c-dfcd-4590-b2b6-e53e692b45b9,Aaron Harper,(632)594-4804,-49.2695183,-16.59691
0907aad7-dd9b-4793-aaa7-ec8280de3947,Harry Williams,+1-974-237-6788x615,-49.2842563,-16.6250769
02c2cec9-bd92-438e-ac21-833b926427b2,Devin Richards,(765)776-5187x47324,-49.2537678,-16.6346767
254064ca-8e89-42f0-99bb-ca803f223574,Patrick Bryant,633.979.2048x512,-49.2281875,-16.6368309
59a66edc-50f5-44e5-b527-13855a996abb,Lisa Johnson,(206)524-0007x98830,-49.2585839,-16.5974448
bd156168-7d3d-4753-a59b-c35af6d0b0a6,Clinton Stewart,735-881-2649,-49.2648611,-16.6159036
a02413e1-fe4a-4fd5-a96d-4b16b441163d,John Young,528-497-0018,-49.2450757,-16.6011148
c635c34d-c5b2-48a0-9747-79101d955faf,Ashley Malone,001-956-540-2990,-49.2545033,-16.6287858
70589d5d-0404-4bb1-b9b5-c43ab2541f0e,Yvonne Lee,536.373.1817x170,-49.2968906,-16.6207948
187f9b4a-c1ab-4358-8899-d4892dcd2c7e,Donna Kim,001-555-431-3334x291,-49.2597301,-16.6002676
89b780a8-c1f7-47fb-bbc8-995305e066a2,Kristen Smith,818-623-7506,-49.2539533,-16.6327172
a6fdc637-68cb-4517-9b84-2e5a37ed12c8,Raymond Barron,703.678.9634,-49.2630484,-16.5812798
dc226d71-ac33-47a1-bb4a-dd6c8880d2d1,Jennifer Cardenas,(987)544-8855x02875,-49.2631986,-16.5828739
36dc5dd7-6110-484a-80e7-7d2402f38252,Ashley Hernandez,(373)446-9203x021,-49.2970135,-16.61672
31865752-3d6f-4cb6-9b54-973828b84ab3,Ryan Hill,001-270-509-7073x235,-49.2546363,-16.59887
1a03d4d7-a00a-45c2-8ce1-f148223cbec7,Nancy Sandoval,+1-318-538-0033x878,-49.2634909,-16.5951948
02f69baa-66f1-48a6-981b-675fba5675b3,Jack Stephens DVM,711.930.2725,-49.2551681,-16.6189116
ff1fa267-1aa4-4172-9c2e-9999f69f358f,Mindy Johnson,556.958.1888x35880,-49.2966163,-16.6188826
b45ba500-1b2e-41fc-ab70-71bdf6226dff,Walter Clarke,(503)823-7117x51274,-49.2744383,-16.6256428
ce9b5e88-aea1-41d2-ae91-d389f1444797,Marie Payne,001-980-331-4160x07750,-49.2433483,-16.6244964
d235ea2d-7321-4a31-967a-dca869d35afb,Debra Andrade,392.662.0702x734,-49.2542479,-16.6162905
37bf2b6e-47ea-40dc-98e5-ebab89649e3b,Eileen Willis,(764)955-2843,-49.2966524,-16.6252306
265207ca-ac77-4377-be67-e9cc34050b89,Jose Guzman,275-978-0753x514,-49.2898836,-16.6182462
54f258ec-9d4d-4fa2-a0bb-950f3759de42,Anna Cooper PhD,504-993-9022x74717,-49.2805503,-16.596005
1c75d798-9d53-41d2-ba65-df170781223d,Dawn Mcconnell,944.639.6327x4485,-49.2979203,-16.6144736
66eab69b-a6a0-4d4a-b19d-a43df11f3795,Amanda Riley,576.739.9904x71273,-49.2829573,-16.5776823
6599a6e7-68b5-4b3a-8e0d-f659eb6c2f30,Joanna Thompson,899-894-5163,-49.2804973,-16.6137294
2cea164f-cbd9-4060-8fe9-23c99d4242ee,Tyler Patel,919.351.0830,-49.2654269,-16.6197524
2649d59e-31b2-4426-a50c-1fcd33caa7e2,Shelby Hernandez,512-783-0912x8153,-49.3023796,-16.6082563
55d33870-c663-4af0-9c5c-681d65abb81d,Brianna Campbell,(607)471-7767,-49.2890197,-16.5802653
c8c02fd9-51a8-4b07-a4f2-7e7c69e55267,Eric Rogers,(725)880-1109x60008,-49.2441116,-16.575695
4c0d6bc3-66e1-43ed-ac4d-c9983a577711,Stephen Rodgers,(666)852-9101,-49.2945241,-16.6111334
61c0faf5-4a48-4491-aca1-8a906c0c105b,Stacey Dennis,414.403.7430x135,-49.2403553,-16.6067098
a52986aa-277d-4aa3-b285-9dc03b912386,John Davis,(639)301-4035,-49.2709115,-16.5920183
9d8e3778-f777-4f16-af2a-825f69683a9a,Lucas Moreno,(316)529-4412,-49.2684857,-16.5835163
d0662930-1556-4f9f-9c84-0ee5452c7cbe,Linda Ortiz,001-741-367-3000x239,-49.243488,-16.6257911
b41bdfab-7415-4feb-accd-ad0fc5f28b16,Phyllis Johnson,(207)254-1305x05933,-49.2911388,-16.6369304
2bff26fc-d735-4bc0-836c-9321d2645cf9,April Clarke,(673)286-6997x69563,-49.2722114,-16.5905017
47d43bdd-e3ab-46e0-a2e2-e933c515d373,Rachel Paul,390.285.1260x48988,-49.253198,-16.6140491
ae709d80-a134-4511-a5ed-4fcd94796264,Joshua Taylor,5739881534,-49.2408887,-16.6331063
7e0e1fa6-0f86-414f-9cbc-60865ead90d3,Erika Hensley,372-296-7628x26817,-49.2862629,-16.6160605
