placa,max_speed,max_mass,max_space,autonomy,km_liter,vehicle_type
UVB-0764,121.89,2702.49,34.15,626.86,13.26,5
TFF-1820,126.37,27148.81,12.49,626.39,12.66,2
GQE-1491,89.54,2866.35,39.38,457.96,17.79,1
HEK-0160,60.76,14069.29,17.08,966.26,6.4,5
CYF-1522,114.31,26945.26,11.2,660.56,15.2,2
FLU-1329,126.71,29478.58,8.09,639.25,18.83,5
PNF-5770,103.17,18803.75,10.98,292.81,15.34,1
PGL-0349,135.13,27598.26,3.94,840.62,15.44,1
RJP-1003,170.98,22625.71,21.1,553.78,13.96,3
EBC-4931,121.4,28680.76,7.47,724.44,12.58,2
RYM-5689,154.99,20308.24,31.25,640.87,12.84,3
AON-9919,96.83,11636.62,33.11,655.81,9.79,1
ITB-6174,128.54,11021.35,7.77,791.72,10.62,1
OIO-0690,69.98,18282.31,38.51,804.28,11.11,2
XBZ-5897,99.97,28617.67,37.75,630.78,17.73,4
JWI-7101,94.41,20957.11,37.04,790.6,6.93,3
HHG-3542,60.95,18820.34,27.12,326.64,5.85,4
ASC-4891,69.48,4293.08,35.52,525.42,16.12,1
RBY-4589,63.43,9093.84,2.32,562.74,7.07,3
HNJ-7794,80.02,26906.87,26.7,811.5,17.39,5
LKZ-5555,130.9,8041.27,13.45,350.82,16.78,2
DBG-1678,140.3,17416.83,4.76,632.7,16.96,1
LYR-9768,98.06,26855.01,35.22,520.6,10.96,5
UMH-0888,70.12,5954.92,33.99,881.38,10.56,1
GQS-0694,106.88,14717.67,11.51,795.95,18.49,1
VOJ-2785,124.53,23890.17,29.04,566.15,8.09,2
PZL-3476,161.95,7337.71,13.99,347.48,10.23,1
DVA-6986,169.14,2569.21,25.42,919.91,19.46,4
DUR-1187,69.74,13516.81,18.07,631.9,11.35,1
FOD-5636,157.52,5133.26,19.53,349.78,13.73,2
YVA-7443,143.64,11987.78,17.65,899.96,18.29,4
RDJ-1255,134.38,27985.22,30.71,539.87,19.24,5
AKL-2407,74.92,16161.9,5.85,390.36,12.29,4
VRH-7487,73.05,5446.83,6.42,457.24,9.53,3
BMB-2946,168.51,4266.7,19.8,385.1,18.72,4
VLT-7338,177.77,25298.06,32.08,830.98,7.39,5
VDZ-1663,89.91,5162.28,22.6,896.83,14.29,4
HBB-6257,121.97,5976.69,16.29,480.34,5.43,5
MAY-8048,105.68,4594.71,19.0,898.52,5.26,1
CFF-0042,78.27,17771.55,32.9,892.77,14.76,3
WHQ-8325,135.11,17993.77,6.9,732.9,7.62,5
YOD-8272,77.76,10376.94,24.0,869.22,14.35,4
KHT-9981,67.88,23253.07,36.88,423.76,7.94,2
YJK-4159,117.94,11955.35,11.03,955.13,15.07,5
LRI-9996,71.87,12777.35,26.2,602.78,5.85,5
PXX-9405,165.68,23417.95,10.12,806.38,13.13,3
RRF-9025,85.06,4237.38,11.81,560.85,10.2,1
YTU-4453,166.1,6463.29,30.58,521.89,5.27,2
WHC-7075,110.59,21260.28,33.03,828.72,5.37,3
SPT-7546,169.69,21110.53,23.78,363.16,8.36,5
XNG-8813,164.71,5991.68,26.96,324.28,9.89,4
DOU-3800,120.2,12149.57,35.74,385.58,16.22,4
UZM-1724,68.75,25742.16,3.43,996.26,17.27,5
PRV-8401,67.63,4368.06,34.83,357.67,5.64,2
MEV-7679,136.49,7171.05,8.39,753.6,9.45,5
HTD-7847,109.08,6692.94,5.46,851.71,17.57,3
YUK-4565,128.04,18074.12,18.83,566.0,5.74,3
GRA-5533,92.36,12046.8,3.98,681.22,8.07,5
KMA-5191,103.96,20149.57,25.93,957.44,8.81,3
KJH-3483,122.35,19241.59,10.6,874.83,8.95,3
TIW-8661,163.88,15426.99,4.84,859.92,12.43,3
MYN-8637,139.7,22707.36,14.35,501.66,8.3,2
LDU-8692,164.85,22028.78,23.56,999.44,6.92,1
KCD-8319,90.38,19072.1,37.49,944.58,12.15,2
AON-0351,89.5,27514.33,21.34,408.14,11.51,5
KIJ-6587,60.04,27711.97,38.7,228.95,7.7,5
ZBJ-7419,115.63,15505.87,14.79,644.45,5.95,2
JHJ-5899,132.85,14755.08,9.86,348.24,13.51,4
JGT-0346,68.93,2736.51,32.89,673.2,5.55,4
UQX-9941,104.99,10275.34,2.5,446.93,8.44,3
YHR-9729,174.28,12040.79,11.73,591.6,6.0,2
FTJ-3924,136.85,4147.88,32.46,300.82,14.58,3
BFU-9003,129.24,27742.78,30.22,899.68,17.99,4
HNE-2446,105.4,25805.32,4.98,832.21,13.47,4
SLR-6377,145.05,29268.85,17.42,936.8,12.7,5
DLH-4858,122.44,22997.92,27.06,417.87,14.42,4
IAB-9259,82.59,2331.8,9.76,452.16,15.12,2
VWM-6866,68.37,5613.37,20.21,723.78,19.05,3
RSO-7073,90.29,20347.18,22.71,637.2,7.88,1
SQV-1219,122.69,20792.01,11.2,471.81,6.81,3
WXD-0469,123.44,9128.07,37.84,796.44,19.29,2
TXF-3933,154.84,3545.37,22.7,355.03,12.91,5
MAC-8342,164.99,24762.56,8.51,922.95,7.53,4
MRM-2156,139.6,14305.73,23.61,205.51,13.47,2
CDJ-6041,80.19,3997.66,34.19,462.8,14.89,1
TFR-4920,163.66,24123.96,23.46,659.85,8.49,1
DNN-9634,120.52,28448.13,18.35,377.23,10.38,4
JRW-6980,126.88,4739.78,22.72,696.16,9.16,5
HYI-1551,121.59,11593.09,36.55,457.99,8.64,1
UFO-1381,128.52,8714.43,19.39,572.52,16.37,3
MWC-6274,115.13,2936.56,12.16,899.52,11.41,1
BBG-6327,178.71,27995.29,8.96,413.16,10.5,3
QGW-3298,139.51,1162.87,5.12,667.38,11.3,3
WUG-4118,111.96,25487.19,9.61,712.23,8.72,1
BPZ-1554,163.41,8390.0,14.16,993.18,15.93,1
UHP-8234,77.44,16122.29,29.04,534.85,7.22,2
CKK-9824,116.21,19685.54,21.85,331.85,10.21,5
YBR-5079,64.09,8013.27,26.59,233.18,10.54,2
GMK-8486,176.25,3818.88,29.27,342.28,18.22,2
THO-7668,87.97,16410.81,8.9,240.81,8.68,4
DRG-3275,119.9,26624.13,5.36,274.97,9.71,1
TMA-0558,148.48,15764.87,8.91,936.82,12.38,2
FPT-1894,116.2,10700.41,28.42,554.04,8.11,1
UVL-6434,93.28,4293.82,6.83,926.16,5.22,2
WGL-6466,99.9,5280.18,36.98,295.04,9.27,4
KIZ-6779,134.13,5893.3,29.26,232.09,14.47,3
TKC-6685,89.47,6698.58,11.33,640.69,6.18,3
PGD-5220,71.66,26813.03,29.21,936.29,12.57,2
UKX-5581,139.33,27072.7,35.43,762.89,5.72,3
SFO-7521,65.99,22376.52,2.47,607.84,9.1,5
GXH-0036,163.28,28682.81,39.21,543.06,15.93,2
YJG-8550,111.34,6639.2,19.51,498.71,15.43,3
SKV-4296,66.81,23269.52,29.53,270.46,7.24,1
VHH-8127,86.09,22341.54,24.17,738.35,18.41,3
NDC-5076,67.06,8087.26,37.27,590.82,8.26,3
RFK-2720,110.04,12433.88,17.82,510.68,6.62,1
VXW-4793,151.1,7999.02,24.49,363.57,5.4,3
DPH-7137,115.42,29708.72,20.55,538.0,17.08,1
NQV-6078,144.93,2739.59,23.96,703.38,9.42,1
QWF-1028,120.39,4706.76,14.22,525.94,5.98,5
HBG-3533,163.01,22793.35,23.46,522.19,11.79,3
UHZ-6184,109.4,15709.39,14.14,417.48,5.95,1
JYB-1172,152.41,10830.64,22.7,269.1,11.16,1
TBS-4395,139.67,14528.2,22.27,473.78,16.21,1
WMZ-8265,111.42,29518.48,32.81,370.32,17.02,3
WVY-5490,89.75,4381.62,3.58,701.61,9.7,2
XFE-1724,123.83,9769.44,13.95,843.98,10.12,4
TGU-2147,145.62,25989.47,13.64,930.4,15.96,1
ZUV-4388,177.1,2159.24,16.23,701.62,10.84,1
ALF-9672,96.46,9455.08,6.05,587.9,18.11,2
GRD-3559,171.5,1673.79,28.94,384.44,18.9,1
TNF-8272,120.6,15725.85,4.29,774.67,6.32,1
HRN-0446,130.86,17843.38,27.98,231.31,7.75,2
AIK-6064,107.97,14926.96,31.8,646.64,14.05,1
CLL-5711,170.86,4340.78,38.4,206.19,8.01,5
NKH-4675,99.67,7449.0,13.44,789.6,6.2,4
DAW-5933,93.81,18074.46,16.72,867.19,10.3,5
FHQ-5518,131.02,18019.0,6.36,942.51,18.36,5
YEI-0944,143.47,7513.51,31.45,619.91,16.62,5
KTI-9624,113.44,15252.66,16.52,601.26,15.53,4
CKA-8320,164.6,6630.09,14.55,581.6,18.39,1
UCR-7932,169.16,4327.93,36.34,208.51,6.35,1
QUF-9341,133.8,6832.93,13.2,501.36,13.39,1
WYK-4607,178.95,17487.07,25.54,489.7,11.04,4
JIC-0375,140.87,23707.78,3.67,807.73,18.75,5
CUW-3734,85.14,20814.12,7.08,424.49,5.98,2
VTP-3995,144.53,21547.67,15.07,504.18,14.43,1
RGW-1115,145.38,22468.54,36.58,886.28,13.33,2
ZOK-8900,164.46,6999.51,7.76,357.81,5.44,2
JZV-7043,78.85,7166.58,34.89,756.69,15.06,4
FGE-0193,115.82,18474.08,16.2,944.66,11.2,1
ZMC-2414,101.07,8512.04,9.87,953.42,14.86,5
BOK-3128,71.49,18165.17,37.35,771.76,8.19,5
VNF-4442,126.99,29249.1,16.43,418.74,13.47,4
CWJ-8675,106.69,9442.53,26.08,540.72,12.75,1
EAT-0760,82.16,6558.83,27.5,997.69,12.39,3
KGV-3552,157.57,17717.99,14.79,941.98,7.55,2
TQR-9299,147.8,23417.6,11.46,478.64,14.47,2
GZC-1196,119.33,18947.27,29.85,900.64,18.88,5
GXT-9829,121.46,21029.97,2.07,474.21,16.35,2
YPS-2602,122.67,14657.33,28.43,787.68,5.66,5
DTI-8902,92.73,8692.11,29.51,665.28,13.71,2
OQM-3521,130.61,25726.86,4.86,542.07,17.59,2
WGJ-2359,74.52,12829.23,8.78,760.61,14.3,3
OMO-3282,129.48,19661.33,3.5,974.98,15.35,2
LVW-2787,173.55,26451.01,28.29,796.99,17.55,1
IHV-2313,94.78,25545.64,30.22,785.02,13.99,1
JMT-0025,94.62,21465.11,12.85,682.35,11.76,3
ZVZ-3871,143.38,6484.77,13.85,845.21,15.99,2
UYG-2220,118.24,5096.05,32.85,538.71,14.33,1
YBW-4815,113.14,24519.1,37.22,354.93,9.89,5
BDW-9959,148.54,28641.75,12.68,382.02,6.07,1
NAQ-5338,75.07,17407.35,35.08,551.64,10.45,1
DBO-6504,172.01,27765.65,15.08,289.47,10.41,5
RGO-9030,156.68,15695.53,7.01,916.01,18.19,5
MAT-3622,96.25,29063.66,4.26,599.5,9.71,1
HZR-3140,157.81,1847.28,18.2,466.1,15.88,5
XVS-0540,124.1,14222.23,30.45,509.41,7.05,4
EHC-7032,173.47,5103.67,36.05,450.77,6.97,3
DKW-1399,69.76,4895.14,17.78,579.79,15.79,3
TCC-0006,145.25,20608.75,34.15,961.48,7.94,2
FKI-2804,91.73,28029.59,26.16,737.93,9.66,2
XEY-3104,64.4,13311.17,28.09,884.41,17.7,5
UTE-4241,79.85,19394.54,35.92,604.98,12.0,3
ZMX-9744,97.23,9317.93,22.72,364.44,7.24,2
GZN-8212,172.97,9779.62,19.92,241.83,12.78,4
SSW-0180,83.99,7707.63,35.95,850.3,7.38,2
FRK-8196,167.09,23283.17,38.09,894.74,5.26,2
WKH-0884,132.64,21214.39,34.35,320.77,13.66,1
YRV-8815,142.79,4682.23,30.71,602.68,11.2,4
QGQ-0564,161.89,18130.83,20.0,854.39,7.15,3
NAT-8225,141.89,18766.26,33.41,421.67,9.93,2
BKN-6283,71.95,6465.96,19.03,270.07,13.81,1
NUF-7059,115.05,2860.8,27.83,814.69,16.79,1
COO-6026,100.81,20019.37,21.22,630.18,7.99,3
MDW-8714,65.0,3775.08,31.55,857.46,11.23,2
XWK-7051,102.58,5991.48,29.49,372.0,5.99,5
THG-0149,60.23,5845.16,35.55,387.47,13.43,1
GVI-3542,102.28,3313.51,14.82,710.25,13.1,2
GID-9674,116.75,7428.82,17.15,219.14,15.26,4
QRJ-8609,106.18,17855.39,31.06,518.85,9.68,2
KYK-1013,98.33,22076.57,15.46,935.0,11.62,4
AGN-7916,179.29,11147.18,34.35,594.93,13.86,5
IRX-0204,124.25,25544.84,36.84,699.79,19.81,3
WGE-9310,89.22,7424.86,33.37,309.39,9.02,5
KUG-4773,121.62,23373.66,34.85,770.55,12.17,2
AUZ-1121,125.56,14256.01,27.66,525.41,11.9,5
MFP-2121,133.82,17354.58,23.41,895.7,9.38,2
IIE-7722,90.73,12953.35,21.51,243.97,6.23,1
EGV-8394,119.35,7731.3,12.14,445.75,14.9,4
DZI-1404,101.18,28078.57,17.89,278.73,6.9,5
NQE-3876,109.17,15832.82,18.7,561.01,7.32,5
NWI-5051,145.38,19982.67,18.22,984.37,18.11,1
WMJ-9478,129.67,17430.44,18.06,431.12,16.95,3
YLU-7153,119.49,13052.91,31.64,397.92,6.89,2
XFZ-2102,150.28,11473.06,37.97,331.8,6.49,3
KVT-8962,141.05,25134.5,28.64,242.21,14.7,4
NAX-6664,108.13,1431.02,8.89,870.95,8.8,2
KWA-9568,142.37,20966.6,26.61,325.02,18.87,5
XCN-7190,138.63,14924.71,21.31,562.01,7.72,3
OOS-0480,72.9,26075.36,26.19,901.91,12.72,5
MCK-3432,162.04,23592.35,30.44,466.94,12.45,4
XPJ-3013,179.58,22148.58,9.68,816.77,10.62,2
OZM-2094,101.96,27338.74,8.13,961.79,7.26,2
LOR-8113,166.01,1046.04,37.56,999.97,5.13,1
BJE-4877,99.64,21505.92,2.41,676.57,9.86,2
THT-5590,141.94,8458.39,19.46,235.57,18.37,1
EQI-8935,84.03,2808.77,16.37,503.27,5.31,2
JAC-2340,177.52,16992.16,23.89,420.03,11.4,2
TFE-7972,124.81,4694.84,26.19,629.33,12.37,5
OVE-4148,76.5,18806.38,21.66,228.4,7.71,4
NNN-3013,61.7,7737.76,32.18,570.79,11.72,3
LHM-7318,74.18,27614.09,28.1,582.28,7.56,4
RWK-4217,164.62,29437.16,26.44,844.78,19.31,5
KXB-0590,62.12,2646.62,17.15,695.96,8.42,4
RBC-8842,128.89,19871.14,31.35,524.37,17.09,1
DNJ-3746,168.72,27731.9,27.43,891.31,16.42,2
ONM-4090,146.55,28448.95,15.79,864.86,11.13,2
BJQ-5271,170.72,4180.99,24.67,285.26,15.01,2
NZJ-1450,147.86,3982.7,5.6,234.65,18.31,3
NQW-2887,91.22,26948.72,9.92,798.53,11.89,5
GEU-2739,93.77,21198.03,29.7,983.49,9.62,4
QRW-9871,175.16,23539.26,9.22,833.02,6.21,4
HLN-4096,65.32,22536.31,3.57,596.37,8.69,3
CUR-5404,73.74,21539.58,20.32,522.4,7.18,1
SKN-9217,154.48,10245.62,34.0,891.18,11.94,5
WDG-8493,94.06,9188.27,12.78,332.07,7.89,2
DZQ-9065,170.59,22494.42,6.73,588.63,12.87,2
HOI-0198,169.87,19891.85,39.5,341.47,15.01,4
HOO-1403,125.26,1484.26,20.95,707.75,5.74,5
AEC-9353,60.54,6205.82,9.39,355.65,14.52,1
HFS-6928,115.92,15876.97,3.43,753.3,5.09,1
PEG-6193,85.72,2945.26,2.25,226.5,14.51,4
KVQ-0423,149.07,12079.09,37.86,755.72,19.25,2
QMI-1602,92.15,13150.11,3.06,739.85,11.27,4
VRT-7570,81.52,4117.4,27.61,974.02,10.24,5
JFP-7581,74.47,11088.45,21.4,657.97,5.89,3
AQA-8606,150.32,27225.39,9.78,881.07,9.56,3
NHO-3060,106.67,3154.71,28.62,433.55,14.71,3
NLJ-6699,101.81,19785.24,17.32,221.8,10.97,4
IUV-8266,133.67,11346.38,14.16,353.36,16.92,2
VYL-7001,76.79,21011.17,33.88,440.27,18.25,1
CDY-9272,61.14,13812.85,13.65,661.58,10.49,4
RUW-0801,72.87,10124.85,20.12,323.55,10.85,2
DWY-3025,122.17,28382.57,30.65,729.53,12.69,2
TJQ-4909,167.34,18162.18,21.25,474.65,8.04,3
GCE-2109,107.36,8421.66,33.41,844.49,7.13,2
IYY-7655,120.14,25910.31,4.25,344.32,12.96,5
RGT-9918,99.04,25419.58,18.76,316.71,17.47,2
VYJ-2855,81.06,4254.28,16.87,236.72,7.17,2
PSV-7310,98.63,29499.15,39.71,876.96,12.88,4
YJE-3812,118.87,11366.48,3.48,702.8,11.99,3
YJE-3779,127.89,27761.55,31.61,843.87,9.2,5
IQL-9869,150.32,1209.9,22.48,823.97,17.35,4
LHF-0274,156.38,7395.5,8.19,769.81,8.67,1
CRK-0125,177.28,25445.26,5.32,453.46,12.16,5
EOR-7445,169.27,11270.38,18.88,768.44,15.63,5
FIJ-5321,78.29,10669.86,38.31,880.22,8.3,2
XZT-4983,146.0,1884.08,14.93,724.28,14.0,3
OEK-5628,95.23,18364.58,27.61,952.31,15.68,1
BNW-6546,121.76,9439.0,36.12,295.61,9.31,3
XSD-0664,179.89,16803.55,9.75,326.9,12.77,1
RLX-9691,119.96,3639.45,23.27,865.65,15.75,4
MOV-6172,62.42,27832.19,24.51,728.99,16.83,2
MUS-3457,129.28,9134.57,21.57,589.46,5.81,5
TWB-3388,175.92,5748.23,11.74,657.1,10.83,1
ADD-4535,144.21,8691.79,29.81,658.41,8.34,4
MIY-2950,71.1,12595.34,28.72,400.0,7.73,1
IMX-4131,136.71,12169.35,7.89,233.64,12.79,3
PPC-4108,89.87,3974.99,27.97,260.7,14.3,2
NFQ-4385,169.12,22317.31,33.48,789.88,10.8,1
PMU-2802,128.4,29459.5,9.52,926.87,13.81,4
WIS-5951,71.37,20970.39,16.92,749.16,15.18,5
DFU-2272,125.27,15676.95,5.55,276.99,17.82,3
YXN-0186,122.79,19197.29,7.55,265.86,8.47,1
HLB-3432,104.8,11748.09,8.73,589.9,5.27,3
BVX-0030,106.56,27995.9,15.34,457.91,7.9,5
NEN-2909,85.8,3933.18,11.74,639.1,11.94,4
FQG-6313,163.8,22799.01,28.15,494.5,10.36,1
ELY-4671,81.56,21052.01,6.82,949.02,12.16,5
ZTB-3662,85.66,16678.43,35.6,701.91,17.5,3
EUD-2510,109.77,8902.91,31.65,555.72,14.91,2
AVL-8387,173.39,23725.33,10.22,586.37,8.17,1
BGE-2839,105.3,18437.13,2.73,548.37,7.02,5
CBB-4694,99.84,21242.36,4.91,325.29,6.89,3
GWZ-1585,115.3,2437.16,21.56,581.98,6.18,4
IMN-2853,102.26,23313.01,30.01,823.26,7.53,4
NWB-5266,116.61,3771.08,35.76,706.01,19.92,1
VRW-6364,90.85,18689.66,30.06,821.25,13.7,4
IRD-5338,171.69,4621.12,7.73,603.45,5.15,5
ZHP-2207,155.05,6588.88,29.26,795.06,15.46,4
NNL-9693,126.29,22168.97,12.82,299.34,17.34,3
AZB-6752,167.08,25656.79,11.8,606.7,5.91,2
PQP-3106,139.12,11863.49,24.88,688.86,10.57,4
RZP-2357,89.91,14887.45,29.76,489.25,7.41,2
RNU-1060,169.11,8748.72,33.34,650.23,14.17,3
KIJ-0487,100.75,7686.33,29.19,426.67,14.25,4
JXB-4250,78.03,13221.07,23.63,294.38,13.97,5
PRQ-6701,169.35,12228.79,32.85,535.55,13.43,1
VSI-3889,85.57,29220.56,7.0,985.92,11.68,1
TGC-7505,64.2,17198.44,4.8,723.45,18.9,3
IBW-5867,135.6,2524.52,7.39,705.6,17.86,4
YYT-9023,86.8,12359.81,8.58,262.32,19.48,3
PAG-1300,136.27,22076.79,39.84,691.12,8.12,4
ICY-5116,178.15,9848.25,16.33,363.35,6.43,4
OTK-8968,112.53,24621.4,6.97,965.56,9.12,3
EPV-9826,173.21,25576.27,18.07,909.09,9.66,5
WKX-0573,137.59,9221.31,5.86,508.38,17.88,2
XPB-8798,167.88,5722.38,24.45,813.11,6.6,4
EYR-1711,128.33,13705.38,17.86,383.99,16.67,5
JUZ-5379,77.29,10829.46,36.28,668.27,8.07,5
IWK-3871,76.91,4751.77,20.05,261.8,15.5,5
JFF-5263,85.0,22928.78,7.31,277.96,10.39,2
MZI-8015,154.13,2807.63,8.75,348.02,15.71,1
VDW-4768,149.63,6041.38,28.06,699.67,11.13,1
QJP-1582,156.77,27199.21,36.82,537.26,19.74,2
RQO-9907,73.13,7858.04,6.74,810.98,12.21,2
NLJ-1278,80.9,23406.22,8.76,792.21,18.34,1
VTQ-7666,83.1,23144.52,33.39,241.66,13.01,4
CEZ-3598,141.85,15271.28,16.65,507.01,11.69,5
IQA-1281,148.12,22187.49,19.82,840.58,17.99,2
SZZ-7443,115.41,2906.07,14.95,363.33,11.47,5
ROV-1770,116.89,21485.95,22.19,342.39,9.86,3
MZK-3935,178.03,28369.33,3.93,824.66,5.83,1
JGR-0439,116.26,8620.41,17.28,698.18,16.46,3
AIV-5181,147.6,4626.12,27.43,883.81,14.04,4
YRS-8999,117.04,6159.29,10.95,977.42,11.36,5
GTM-4660,100.41,25272.63,3.29,758.95,6.55,4
GIN-4587,133.6,12820.8,30.73,235.35,5.17,4
CYY-3999,114.13,27527.3,31.39,600.56,11.76,3
YNF-4568,123.49,25064.33,36.61,876.93,13.51,5
FCU-0531,114.32,29225.3,20.59,747.34,10.06,3
TUA-0006,80.75,24033.43,6.81,897.29,10.29,1
IJR-3748,169.3,29306.65,9.35,685.4,15.82,4
RBM-1536,113.87,2951.56,39.24,977.3,8.26,4
SKO-0606,160.52,28057.56,5.32,952.91,7.87,5
KSU-2191,164.74,14582.15,15.82,304.76,8.74,1
CIR-7101,99.3,2498.42,3.84,581.75,19.1,3
OHM-0782,76.87,22871.15,13.3,386.57,19.97,5
BIS-9090,104.74,9844.38,23.13,519.22,19.79,1
XOM-2120,131.37,14459.83,23.29,719.88,7.88,2
HSR-5849,107.8,14114.83,26.71,979.73,8.17,3
AZB-6452,103.29,5035.08,18.86,259.29,12.87,5
ZYA-1194,68.35,6217.07,11.61,599.24,18.19,1
GGX-2547,142.91,19733.58,11.65,685.84,15.81,4
DKW-5289,178.69,10164.59,2.12,895.11,6.57,5
BSR-6743,122.39,11010.21,5.17,295.12,14.58,4
DOC-6775,161.93,19013.8,37.8,215.57,6.8,5
WBW-4006,110.45,15335.53,18.53,508.76,12.9,1
QHA-1478,122.33,18292.06,39.99,456.39,6.46,5
XQU-7610,153.96,16008.93,20.06,803.67,16.95,5
UVA-9303,171.46,27006.51,18.11,575.64,8.77,4
GUJ-1011,79.15,4262.16,19.09,760.1,10.0,3
EJY-8026,148.55,13929.48,21.28,665.84,5.83,4
WNB-5554,148.04,25433.98,30.73,703.23,12.54,2
KSY-1214,92.3,20420.51,15.45,956.52,15.42,4
TZS-7839,130.64,8527.41,33.97,936.02,19.26,1
WGY-5725,141.7,4321.4,27.92,214.8,18.1,2
KCO-1233,145.89,18522.52,12.26,458.21,16.62,1
KLG-5369,91.16,17122.46,25.26,658.25,12.21,3
QQZ-0053,169.42,11893.82,13.69,725.9,12.42,1
WFG-7742,106.03,27393.46,7.23,280.32,18.52,5
VYO-0547,64.03,8390.43,16.64,810.9,9.37,1
VJD-6516,173.58,18078.66,4.76,498.99,13.38,3
PBI-9594,168.15,25461.53,34.41,502.17,16.44,4
JMW-6535,101.36,23894.11,9.21,696.07,19.66,3
SYE-5556,152.23,1097.14,14.34,335.67,10.4,3
GTD-2309,139.26,18396.98,36.26,273.25,16.58,4
HEU-2150,122.1,21330.3,23.59,627.84,13.97,2
XNS-0178,101.24,29892.01,37.11,546.06,17.18,2
YEV-4787,152.86,10770.29,25.13,813.58,5.23,1
JZV-7813,79.71,18386.7,18.06,765.03,5.95,4
LTZ-3629,95.21,19154.11,25.23,987.28,17.3,1
GOQ-7926,164.69,4088.2,5.1,601.83,16.57,5
NVF-8541,91.53,1726.94,18.6,658.36,10.43,3
AUD-1223,157.86,4727.78,39.54,257.65,5.5,3
LAR-4121,96.63,19848.79,22.68,402.11,13.89,3
XOR-0160,111.88,21572.03,30.35,378.24,16.48,2
UFY-5949,88.0,5288.76,30.94,610.4,16.16,2
ZNR-5274,147.3,14040.48,26.5,534.8,12.07,4
UDW-0732,159.15,8995.67,35.63,488.5,9.33,2
TGW-0389,89.32,2973.26,38.1,355.46,9.54,1
QNF-2574,108.42,11717.0,5.14,747.02,19.99,3
LAW-4844,65.09,21639.83,6.86,501.36,8.34,4
UMS-7485,74.41,12815.44,12.09,672.09,14.49,1
LLW-9548,62.16,9158.72,16.28,969.21,16.48,5
BJV-8229,109.92,23414.07,24.55,618.73,13.88,5
WJM-1102,145.54,17351.13,20.11,446.17,7.2,2
DWB-7243,169.4,26633.68,31.25,958.53,18.74,3
FDG-0589,70.31,2800.66,20.8,550.34,11.17,4
EQN-2185,164.21,18530.15,32.09,901.82,7.56,3
TUE-5333,134.78,14847.64,36.69,248.4,11.04,1
XLP-8647,72.36,16386.47,32.6,813.67,15.62,2
LSQ-1037,74.26,26965.75,12.89,832.4,13.63,5
KVP-8481,135.02,11228.01,38.89,318.2,11.07,2
VLV-2937,145.45,8666.79,5.26,856.01,5.36,2
RFQ-8278,130.68,11464.18,8.78,517.4,9.95,4
KOY-4906,94.3,28557.02,8.7,700.2,10.94,1
OGS-7216,149.68,18947.31,21.12,864.58,18.59,5
ATX-8645,63.99,26437.32,30.03,642.95,16.27,5
IKQ-0323,87.01,2902.33,25.73,204.38,7.34,4
UDV-0726,178.76,19677.04,27.23,529.79,13.39,5
GAC-8046,95.79,19903.8,32.64,820.27,5.66,3
FCC-7486,133.43,2626.53,18.66,316.5,14.92,4
UPI-7035,146.84,10421.75,33.49,647.71,13.51,2
OSJ-8954,102.3,11012.04,30.68,276.17,18.08,4
YEN-3001,102.48,3166.62,31.14,356.34,10.49,1
GGG-6540,93.45,13777.31,3.88,366.61,16.82,4
AQR-0633,76.39,19996.36,16.68,327.8,10.21,2
DSE-1230,179.93,8912.77,36.27,966.89,15.78,4
HCC-7038,137.54,12433.99,28.6,422.39,17.11,5
GIH-7370,80.26,11545.42,21.73,635.35,17.84,2
WDI-2336,129.0,18660.77,6.74,394.3,7.65,1
VNT-3987,149.22,20933.83,28.65,951.17,6.56,2
GKT-9039,82.37,1326.58,3.52,585.98,18.69,3
HDD-9857,154.32,24262.15,5.21,731.87,11.81,3
MPB-1780,134.59,22159.32,19.67,382.41,11.94,1
QCO-7158,147.41,13513.68,8.91,675.64,6.7,5
BEC-0981,79.96,8186.73,27.91,864.7,19.92,4
KWN-8109,127.55,24144.94,23.29,265.32,15.61,3
JUR-2356,83.89,28454.5,35.47,786.56,11.96,2
YCW-0760,177.08,9513.23,25.89,723.47,11.55,1
PFT-6976,111.73,23697.25,16.07,910.66,6.01,2
USK-2896,145.1,26569.2,36.69,254.73,10.02,3
EZA-3844,87.19,11192.08,26.95,731.59,6.75,3
TFS-2337,120.57,9186.21,37.69,507.56,9.75,3
EWU-3575,85.47,13755.64,17.35,924.05,10.95,4
DJE-4000,90.34,8654.04,19.51,572.04,16.25,2
REA-2382,148.22,6315.54,5.3,329.16,13.55,1
DKK-4770,113.65,27509.29,5.29,352.01,18.66,4
VMF-2415,176.91,24337.66,29.34,704.73,8.41,3
YZM-4313,174.42,18959.68,2.97,993.33,11.04,3
KVD-9715,86.74,14770.84,37.03,591.94,12.79,2
ODS-3627,80.84,12712.39,14.81,616.33,17.15,2
JKQ-7589,125.07,23333.84,32.59,471.2,9.59,3
URF-5055,71.4,7591.2,7.25,260.42,13.94,3
ANR-0978,66.87,20455.89,7.28,360.28,12.54,2
CFV-8074,63.73,13502.9,20.9,203.59,7.68,1
CZV-1677,65.11,7105.77,10.6,253.44,16.29,2
UDA-2984,103.7,1604.33,13.25,998.73,12.33,4
IWL-0108,64.56,7651.67,6.04,484.39,14.89,4
QSF-9511,157.19,24675.98,36.35,792.05,5.92,1
IRF-9244,120.79,18701.51,26.89,694.86,10.96,1
PPL-3279,111.61,15984.73,30.31,787.92,15.95,1
SEV-1673,133.19,23890.95,28.01,967.11,9.26,3
AVH-4700,63.42,23502.6,7.6,407.46,7.08,3
CLA-5574,102.54,21800.51,7.33,618.33,13.63,3
DEY-2420,159.92,17588.55,9.74,701.46,12.99,2
NMM-9385,147.46,19709.49,33.98,742.36,10.56,2
JHW-9961,112.49,17432.33,31.39,295.94,19.4,3
AVF-9728,71.87,22574.01,2.3,483.13,9.72,5
NLT-5584,64.02,25930.4,19.47,725.98,18.89,4
YXV-2067,135.26,27452.34,18.91,292.51,14.38,5
YUR-2155,76.38,21683.14,20.34,717.99,12.3,2
ZRX-5690,115.98,12991.75,3.52,251.27,15.43,4
HMJ-5148,168.67,16098.04,13.46,258.15,16.83,2
FLN-3190,126.5,15787.79,16.41,473.49,5.28,4
EWH-2596,71.02,19944.96,8.27,955.24,10.5,4
HUY-8406,95.37,28637.47,32.74,203.19,11.46,2
RNO-0470,126.07,20569.52,17.28,511.32,15.65,5
UXY-5474,114.25,29882.77,10.43,347.75,15.4,3
YPK-4164,178.15,16392.7,34.5,637.44,6.99,2
HVH-2629,133.25,11174.12,21.27,321.54,11.87,1
BGV-2879,92.54,21733.04,3.16,818.59,13.37,3
GQL-7842,144.96,11747.76,33.38,509.75,11.5,2
PTF-1057,137.72,2323.87,5.66,934.5,14.19,5
EHJ-4073,89.15,28374.18,36.23,846.3,10.12,5
NQG-2707,109.27,3737.79,10.47,420.7,9.14,5
WQI-7924,124.86,24199.24,27.41,804.47,16.36,5
FQU-0239,80.39,23819.87,31.59,430.57,7.07,2
JZC-3946,158.01,7545.23,38.84,755.45,19.35,2
PUE-4135,93.7,13037.77,30.37,355.23,15.81,4
DOR-7851,68.85,19696.62,2.18,964.14,6.43,1
SZT-4539,85.64,8362.33,25.46,598.47,7.24,1
JAJ-1403,74.11,20003.11,37.16,688.5,8.62,5
OIX-4300,110.71,11471.71,24.33,516.19,15.14,2
CEP-3396,88.75,2551.63,37.99,386.05,12.62,3
QXL-4832,102.02,5464.48,23.2,972.38,10.15,5
GXR-4166,168.91,14883.44,5.89,928.73,8.89,2
ESO-1281,139.01,12067.36,33.57,621.83,16.44,2
